,Station_Type,Activated,Station_ID,Station_Name,T_Status,Num_Transfer,Num_Atm,Num_Cstore,Num_Med,Num_Ele,Num_Sec,Num_High,All_School,Num_POI,Num_Park,Num_Village,Income_Gross,Income_Average,Population,Child,Adult,Old_Age,Young_Adult,Middle_Age,Child_Dep,Old_Dep,Higher_Edu,Sec_Edu,Ele_Edu,Uneducated,Male,Married,Immigrant,Birth,Vol_All,Vol_Workday,Weekend,Median_Rent,Num_Cafe,Num_Drink,Num_Bar,Num_Gym,Num_Lodging,Cat_Vol,Cat_Rent,Cat_Cafe,Cat_Drink,Cat_Bar,Cat_Gym,Cat_Lodging,Cat_Cafe_Pre,Potential
0,TpMrt,1,BL01,頂埔站,N,1.0,13,6,6,5,1,0,6,1,5,30,3059.16,843.21,12895.0,13.01,75.4,11.55,30.34,39.46,17.26,15.32,27.93,50.45,7.95,0.5,49.76,42.46,3.79,0.74,16.206,17.339000000000002,23.27,1208.0,0.0,0.0,0.0,3.0,0.0,6.0,2,0,0,0,0,0,0,0.0
1,TpMrt,1,BL02,永寧站,N,1.0,11,5,1,9,3,0,12,0,0,49,5171.97,855.15,21287.0,12.7,75.72,11.56,30.71,39.6,16.78,15.26,29.49,49.6,7.58,0.47,49.23,42.74,3.84,0.77,26.552,27.67,25.26,906.0,4.0,0.0,0.0,0.0,0.0,7.0,1,2,0,0,0,0,0,-2.0
2,TpMrt,1,BL03,土城站,N,1.0,22,10,28,7,2,0,9,0,3,63,7041.97,872.39,28175.0,12.77,75.67,11.55,30.69,39.66,16.88,15.26,29.8,49.34,7.49,0.45,49.03,42.87,3.97,0.76,14.612,15.296,24.89,1500.0,1.0,1.0,1.0,4.0,1.0,6.0,2,0,0,0,1,0,1,1.0
3,TpMrt,1,BL04,海山站,N,1.0,40,22,41,26,5,0,31,2,4,105,10821.72,882.97,42791.0,12.47,74.44,13.08,29.96,39.32,16.75,17.57,30.29,48.71,7.93,0.46,48.97,43.18,3.96,0.76,42.574,45.47,23.4,1259.0,2.0,1.0,4.0,6.0,0.0,7.0,2,1,0,0,1,0,3,2.0
4,TpMrt,1,BL05,亞東醫院站,N,1.0,19,8,9,18,2,2,22,1,7,141,13926.27,894.83,54729.0,12.77,73.31,13.92,29.31,38.94,17.41,18.99,30.77,47.87,7.97,0.48,48.84,43.31,3.88,0.75,45.963,50.89,20.61,1000.0,5.0,1.0,4.0,1.0,0.0,8.0,1,2,0,0,0,0,2,0.0
5,TpMrt,1,BL06,府中站,N,1.0,50,23,80,36,3,0,39,3,7,171,17141.74,921.7,64776.0,12.7,72.79,14.51,28.76,39.08,17.44,19.93,31.27,47.16,8.21,0.52,48.7,43.59,3.88,0.74,60.032,61.306,26.74,1497.0,15.0,4.0,12.0,13.0,2.0,8.0,2,4,1,2,3,0,4,0.0
6,TpMrt_Train_Thsr,1,BL07_Y16_1020_Banqiao,板橋站,MTH,3.9999999999999996,42,21,35,36,4,1,41,2,10,165,15787.43,923.78,59895.0,12.6,72.25,15.15,28.29,39.05,17.44,20.97,31.23,47.03,8.46,0.53,48.78,43.49,3.83,0.72,124.9,124.551,28.29,1562.0,18.0,4.0,8.0,18.0,4.0,9.0,3,4,1,1,5,0,4,0.0
7,TpMrt,1,BL08,新埔站,N,1.0,48,31,86,55,3,1,59,0,5,166,15749.2,927.46,59319.0,12.46,71.75,15.79,28.09,38.83,17.37,22.01,31.4,46.7,8.72,0.56,48.8,43.48,3.68,0.73,79.87899999999998,85.525,23.21,1524.0,27.0,3.0,7.0,16.0,2.0,8.0,3,4,0,1,4,0,4,0.0
8,TpMrt,1,BL09,江子翠站,N,1.0,43,19,56,42,1,0,43,2,10,159,15293.14,934.27,57048.0,12.64,71.44,15.92,27.92,38.72,17.69,22.28,31.24,46.46,8.91,0.59,48.81,43.29,3.75,0.74,50.543,53.742,23.73,1445.0,16.0,3.0,6.0,9.0,0.0,8.0,2,4,0,1,2,0,4,0.0
9,TpMrt,1,BL10,龍山寺站,N,1.0,40,18,32,32,4,0,36,12,13,144,18113.46,1109.62,52715.0,12.87,69.29,17.85,25.96,38.85,18.58,25.76,37.31,41.71,7.44,0.52,48.43,43.68,5.17,0.76,62.6,63.103,27.69,1400.0,16.0,3.0,11.0,7.0,13.0,8.0,2,4,0,1,2,2,4,0.0
10,TpMrt,1,BL13,善導寺站,N,1.0,38,14,28,16,5,1,22,8,7,148,29888.94,1334.86,66134.0,13.9,66.6,19.5,24.39,37.97,20.88,29.28,44.67,35.83,5.19,0.3,47.19,45.04,5.92,0.78,44.154,48.742,20.84,2400.0,20.0,11.0,30.0,10.0,31.0,7.0,4,4,3,5,2,5,4,0.0
11,TpMrt,1,BL16,忠孝敦化站,N,1.0,70,32,191,41,5,0,46,1,9,145,34337.39,1400.04,71001.0,13.75,66.13,20.13,24.1,37.68,20.79,30.44,48.35,33.24,4.33,0.24,46.86,46.47,5.16,0.76,71.289,74.051,25.48,4583.0,57.0,33.0,56.0,34.0,19.0,8.0,9,4,9,9,9,3,4,0.0
12,TpMrt,1,BL17,國父紀念館站,N,1.0,44,17,104,30,6,0,36,7,7,131,30524.67,1379.65,64122.0,13.46,66.46,20.08,24.45,37.68,20.26,30.21,48.0,33.62,4.54,0.25,46.93,46.67,5.02,0.77,46.164,48.014,25.38,3542.0,39.0,16.0,39.0,17.0,9.0,8.0,7,4,4,6,4,1,4,0.0
13,TpMrt,1,BL18,市政府站,N,1.0,51,17,35,20,5,0,25,8,8,124,27457.45,1341.81,59474.0,13.14,66.95,19.91,24.84,37.76,19.63,29.74,47.11,34.48,4.87,0.28,46.98,46.62,4.88,0.78,123.295,127.725,25.67,2397.0,29.0,3.0,15.0,9.0,3.0,9.0,4,4,0,2,2,0,4,0.0
14,TpMrt,1,BL19,永春站,N,1.0,53,24,103,26,6,0,32,1,14,97,20773.08,1301.98,46942.0,13.08,67.37,19.56,25.22,37.82,19.41,29.03,46.08,35.22,5.19,0.3,47.16,46.54,4.72,0.8,39.166,42.455,22.25,1923.0,12.0,4.0,3.0,10.0,0.0,7.0,3,3,1,0,2,0,4,1.0
15,TpMrt,1,BL20,後山埤站,N,1.0,40,20,60,28,4,0,32,1,13,81,17052.25,1267.64,39787.0,12.66,68.49,18.84,26.06,38.09,18.49,27.51,44.92,36.34,5.61,0.33,47.56,46.48,4.57,0.82,33.295,34.95,24.71,1575.0,11.0,4.0,2.0,12.0,1.0,7.0,3,3,1,0,3,0,4,1.0
16,TpMrt,1,BL21,昆陽站,N,1.0,17,10,7,13,3,0,16,1,10,65,13499.43,1224.99,33388.0,13.33,70.19,16.48,27.32,38.35,18.99,23.48,42.09,37.75,6.31,0.39,48.0,46.11,4.52,0.85,26.818,30.042,19.66,1461.0,5.0,2.0,1.0,3.0,0.0,7.0,2,2,0,0,0,0,3,1.0
17,TpMrt_Train_Thsr,1,BL22_0980_Nangang,南港站,MTH,3.0,16,9,7,13,2,0,15,0,10,50,10162.25,1189.68,26117.0,13.63,72.03,14.35,28.22,39.08,18.93,19.92,39.29,39.76,6.78,0.44,48.42,45.74,4.78,0.88,56.761,59.639,24.08,1329.0,4.0,1.0,2.0,5.0,0.0,8.0,2,2,0,0,1,0,2,0.0
18,TpMrt,1,BR01,動物園站,N,1.0,3,0,0,5,2,0,7,2,1,31,6354.88,1202.66,16319.0,12.45,71.46,16.05,26.97,39.53,17.42,22.47,43.43,37.59,5.96,0.42,48.12,45.62,3.87,0.8,17.292,15.983,33.47,,0.0,1.0,0.0,0.0,0.0,7.0,0,0,0,0,0,0,0,0.0
19,TpMrt,1,BR02,木柵站,N,1.0,7,3,3,9,2,0,11,1,4,41,8440.16,1202.82,21577.0,12.71,70.99,16.28,26.73,39.36,17.9,22.93,43.59,37.31,5.83,0.4,47.93,45.7,4.06,0.79,8.426,9.18,21.88,1138.0,0.0,1.0,1.0,1.0,0.0,6.0,2,0,0,0,0,0,0,0.0
20,TpMrt,1,BR03,萬芳社區站,N,1.0,5,3,2,13,3,0,16,1,8,51,10751.39,1200.6,27293.0,12.74,70.55,16.69,26.61,39.19,18.06,23.66,44.07,36.97,5.68,0.38,47.8,46.03,4.24,0.78,4.577,4.931,22.75,1345.0,0.0,1.0,1.0,1.0,0.0,5.0,2,0,0,0,0,0,0,0.0
21,TpMrt,1,BR04,萬芳醫院站,N,1.0,16,5,15,17,2,1,20,0,4,72,14220.75,1200.87,35936.0,12.47,70.08,17.43,26.18,39.3,17.8,24.86,44.37,37.07,5.56,0.36,47.73,45.99,4.48,0.74,27.352,30.464,20.14,1859.0,6.0,0.0,0.0,1.0,0.0,7.0,3,3,0,0,0,0,3,0.0
22,TpMrt,1,BR05,辛亥站,N,1.0,5,3,1,23,3,1,27,0,4,83,16696.07,1223.96,40707.0,12.55,69.25,18.17,25.98,38.77,18.12,26.24,45.59,36.01,5.36,0.34,47.41,46.26,4.67,0.76,6.065,6.4929999999999986,23.23,1413.0,5.0,0.0,0.0,1.0,0.0,5.0,2,2,0,0,0,0,3,1.0
23,TpMrt,1,BR06,麟光站,N,1.0,15,8,14,11,3,1,15,1,7,90,20598.17,1383.54,43690.0,13.61,66.8,19.59,24.47,37.9,20.37,29.32,48.58,33.05,4.37,0.26,46.99,46.53,4.93,0.76,8.72,8.852,27.06,1507.0,7.0,0.0,1.0,2.0,1.0,6.0,3,3,0,0,0,0,4,1.0
24,TpMrt,1,BR07,六張犁站,N,1.0,44,22,66,38,6,2,46,1,6,116,26704.66,1417.52,54932.0,14.15,66.11,19.74,24.0,37.65,21.4,29.86,49.12,32.26,4.13,0.25,46.86,46.61,5.28,0.75,22.573,24.773000000000003,21.29,2000.0,17.0,6.0,19.0,5.0,1.0,7.0,3,4,1,3,1,0,4,0.0
25,TpMrt,1,BR08,科技大樓站,N,1.0,37,16,68,42,9,1,52,1,10,128,28482.53,1431.14,57898.0,14.33,65.78,19.89,23.71,37.66,21.79,30.24,49.24,32.05,4.05,0.24,46.95,46.59,5.61,0.75,28.412,31.322,20.94,2445.0,32.0,7.0,11.0,10.0,2.0,7.0,4,4,2,1,2,0,4,0.0
26,TpMrt,1,BR10_BL15,忠孝復興站,M,1.9999999999999998,67,27,185,33,6,1,40,1,8,142,33779.1,1415.25,68708.0,14.04,65.85,20.11,23.81,37.72,21.33,30.54,48.74,32.8,4.11,0.22,46.7,46.31,5.51,0.75,96.379,96.539,28.13,4000.0,40.0,15.0,39.0,26.0,17.0,8.0,7,4,4,6,7,2,4,0.0
27,TpMrt,1,BR11_G16,南京復興站,M,1.9999999999999998,73,29,81,32,5,0,37,4,11,127,29211.11,1391.34,60180.0,13.69,66.13,20.19,23.98,37.86,20.71,30.53,47.71,33.97,4.32,0.23,46.61,45.9,5.45,0.77,75.056,85.71700000000001,18.09,2323.0,20.0,8.0,13.0,18.0,11.0,8.0,4,4,2,2,5,1,4,0.0
28,TpMrt,1,BR12,中山國中站,N,1.0,52,21,60,29,2,0,31,0,9,100,22882.36,1366.93,47903.0,13.51,66.66,19.86,24.33,38.06,20.27,29.79,46.29,35.22,4.66,0.24,46.63,45.66,5.35,0.78,28.718000000000004,31.954,20.2,2308.0,14.0,5.0,11.0,12.0,4.0,7.0,4,4,1,1,3,0,4,0.0
29,TpMrt,1,BR13,松山機場站,N,1.0,11,4,8,27,3,0,30,0,8,94,21532.52,1341.76,45868.0,13.26,67.25,19.51,24.8,38.19,19.71,29.02,46.56,35.16,4.7,0.23,46.61,45.95,5.19,0.78,11.004,11.602,24.36,2967.0,11.0,0.0,1.0,4.0,0.0,6.0,5,3,0,0,1,0,4,1.0
30,TpMrt,1,BR14,大直站,N,1.0,19,10,35,14,3,1,18,2,9,57,12753.86,1293.76,28828.0,13.26,68.04,18.68,25.54,38.22,19.48,27.46,44.22,36.6,5.51,0.31,47.15,45.72,4.66,0.8,18.685,20.415,21.7,1950.0,12.0,3.0,4.0,3.0,0.0,7.0,3,3,0,0,0,0,3,0.0
31,TpMrt,1,BR15,劍南路站,N,1.0,22,7,8,15,1,1,17,3,8,31,8067.21,1362.47,17030.0,13.55,68.56,17.87,26.18,37.91,19.76,26.06,45.99,35.07,4.99,0.29,47.23,47.02,4.37,0.79,24.184,24.073,28.6,1936.0,11.0,2.0,3.0,4.0,0.0,7.0,3,3,0,0,1,0,3,0.0
32,TpMrt,1,BR16,西湖站,N,1.0,56,23,27,16,4,1,21,1,12,36,9221.2,1323.36,20312.0,13.72,69.58,16.68,26.73,38.33,19.71,23.98,45.5,35.46,4.95,0.29,47.35,46.8,4.14,0.83,30.234,37.309,11.54,1893.0,8.0,3.0,4.0,7.0,0.0,7.0,3,3,0,0,2,0,3,0.0
33,TpMrt,1,BR17,港墘站,N,1.0,55,24,43,15,3,0,18,1,6,41,11127.93,1352.78,23809.0,13.51,70.6,15.88,27.34,38.72,19.13,22.5,45.48,35.59,5.05,0.29,47.44,46.89,4.33,0.86,29.476,35.205,14.37,2072.0,12.0,1.0,4.0,11.0,0.0,7.0,4,3,0,0,3,0,3,0.0
34,TpMrt,1,BR18,文德站,N,1.0,9,4,14,23,9,1,33,1,8,42,11155.81,1336.67,24541.0,14.01,71.53,14.47,27.77,39.0,19.59,20.22,43.99,36.26,5.34,0.33,47.69,46.62,4.28,0.87,10.743,11.675999999999998,22.06,1600.0,8.0,0.0,0.0,5.0,0.0,6.0,3,3,0,0,1,0,3,0.0
35,TpMrt,1,BR19,內湖站,N,1.0,34,17,55,27,8,1,36,0,8,36,9583.9,1300.75,21902.0,14.67,72.12,13.21,28.44,38.75,20.35,18.32,43.35,36.57,5.07,0.31,47.63,46.27,4.01,0.88,18.135,18.773,25.74,2016.0,8.0,0.0,2.0,3.0,0.0,7.0,4,3,0,0,0,0,3,0.0
36,TpMrt,1,BR20,大湖公園站,N,1.0,7,3,10,15,0,0,15,2,11,37,9875.05,1319.31,22191.0,14.53,72.28,13.2,28.32,39.07,20.11,18.26,43.48,36.62,5.02,0.31,47.63,46.39,4.26,0.89,6.978,7.024,27.82,1368.0,3.0,0.0,1.0,1.0,0.0,6.0,2,1,0,0,0,0,2,1.0
37,TpMrt,1,BR21,葫洲站,N,1.0,30,11,17,30,2,1,33,0,9,49,11160.19,1245.42,26708.0,13.61,72.72,13.69,28.45,39.48,18.71,18.83,41.58,38.6,5.81,0.35,48.02,46.0,4.49,0.88,15.86,17.52,20.8,1134.0,5.0,3.0,4.0,4.0,0.0,6.0,2,2,0,0,1,0,3,1.0
38,TpMrt,1,BR22,東湖站,N,1.0,21,11,28,32,3,1,36,0,13,51,10924.61,1221.45,26673.0,13.05,73.49,13.48,28.48,40.22,17.76,18.35,40.57,40.06,5.9,0.36,48.1,45.74,4.79,0.84,16.588,17.832,22.91,1803.0,5.0,0.0,0.0,6.0,0.0,6.0,3,2,0,0,1,0,3,1.0
39,TpMrt,1,BR23,南港軟體園區站,N,1.0,29,12,4,6,4,0,10,0,5,51,10073.43,1188.61,25777.0,13.08,73.42,13.51,28.21,40.38,17.82,18.4,39.05,41.07,6.34,0.4,48.28,45.4,5.02,0.82,9.377,11.068,15.32,1682.0,5.0,4.0,1.0,2.0,0.0,6.0,3,2,1,0,0,0,2,0.0
40,TpMrt,1,BR24_BL23,南港展覽館站,M,1.9999999999999998,25,12,19,10,3,0,13,1,6,45,8724.77,1174.58,22741.0,13.38,73.27,13.36,28.18,40.18,18.26,18.24,38.48,41.14,6.51,0.41,48.32,45.27,5.05,0.82,60.265,64.873,22.86,1650.0,4.0,1.0,0.0,4.0,0.0,8.0,3,2,0,0,1,0,3,1.0
41,TpMrt,1,G01,新店站,N,1.0,16,10,6,9,2,0,11,4,1,48,6242.16,1078.28,18264.0,9.66,71.63,18.7,26.18,41.08,13.48,26.1,39.92,44.19,5.74,0.36,47.7,45.32,4.71,0.59,26.44400000000001,26.071,29.1,927.0,4.0,1.0,2.0,2.0,0.0,7.0,1,2,0,0,0,0,2,0.0
42,TpMrt,1,G02,新店區公所站,N,1.0,30,14,40,22,3,0,25,0,7,63,9108.29,1113.07,25656.0,10.87,70.99,18.13,26.08,40.33,15.31,25.54,41.06,41.8,5.74,0.36,47.68,45.54,4.65,0.65,22.724,24.04,24.12,1343.0,7.0,0.0,2.0,7.0,0.0,7.0,2,3,0,0,2,0,3,0.0
43,TpMrt,1,G03,七張站,N,1.0,49,22,60,33,5,1,39,0,7,84,12880.04,1106.34,36322.0,11.35,70.93,17.71,26.26,40.04,16.0,24.97,41.43,40.93,5.77,0.38,47.72,45.46,4.62,0.66,32.829,34.937,23.67,2000.0,9.0,2.0,3.0,11.0,0.0,7.0,3,3,0,0,3,0,3,0.0
44,TpMrt,1,G03A,小碧潭站,N,1.0,11,4,12,15,3,1,19,0,6,88,11513.43,1056.76,34836.0,10.73,71.38,17.9,26.24,40.6,15.03,25.07,38.98,43.73,6.04,0.38,47.75,44.98,4.73,0.63,4.767,4.898,26.3,1222.0,4.0,0.0,0.0,1.0,0.0,5.0,2,2,0,0,0,0,2,0.0
45,TpMrt,1,G04_Y07,大坪林站,M,1.9999999999999998,49,28,56,29,4,2,35,0,6,106,15553.36,1105.03,44049.0,11.58,70.45,17.94,26.19,39.65,16.44,25.47,41.38,40.69,5.82,0.37,47.68,45.4,4.69,0.67,41.048,44.776,21.77,1587.0,9.0,3.0,5.0,7.0,0.0,7.0,3,3,0,0,2,0,3,0.0
46,TpMrt,1,G05,景美站,N,1.0,37,17,40,28,5,1,34,2,8,122,17727.95,1106.2,50048.0,11.6,70.26,18.12,26.07,39.58,16.51,25.79,41.72,40.41,5.74,0.37,47.58,45.31,4.74,0.67,34.082,35.32,25.69,1666.0,2.0,0.0,0.0,7.0,0.0,7.0,3,1,0,0,2,0,4,3.0
47,TpMrt,1,G06,萬隆站,N,1.0,19,10,21,19,3,0,22,0,8,148,22029.15,1159.67,58340.0,12.1,69.18,18.71,25.39,39.3,17.49,27.04,43.6,38.5,5.34,0.34,47.36,45.43,5.02,0.67,19.707,20.506,25.36,1461.0,7.0,0.0,1.0,4.0,0.0,7.0,2,3,0,0,1,0,4,1.0
48,TpMrt,1,G07,公館站,N,1.0,26,18,24,22,3,2,27,6,4,165,28253.33,1290.7,65983.0,13.86,67.14,18.99,24.35,38.25,20.65,28.29,45.73,35.29,4.7,0.3,47.27,45.83,5.42,0.69,59.24800000000001,57.968,29.72,5000.0,31.0,7.0,10.0,8.0,0.0,8.0,9,4,2,1,2,0,4,0.0
49,TpMrt,1,G08,台電大樓站,N,1.0,31,12,55,23,3,1,27,2,9,168,28514.72,1295.12,67312.0,13.74,66.93,19.31,24.24,38.17,20.53,28.85,45.1,35.75,4.94,0.34,47.4,45.47,5.55,0.7,36.956,37.656,26.9,3000.0,48.0,4.0,8.0,15.0,0.0,7.0,5,4,1,1,4,0,4,0.0
50,TpMrt,1,G09_O05,古亭站,M,1.9999999999999998,52,17,83,27,3,1,31,2,14,167,27580.41,1279.54,65924.0,13.42,67.02,19.55,24.36,38.25,20.03,29.17,44.09,36.63,5.36,0.36,47.49,45.03,5.63,0.71,65.087,69.87899999999999,23.0,2293.0,37.0,2.0,7.0,17.0,0.0,8.0,4,4,0,1,4,0,4,0.0
51,TpMrt,1,G11,小南門站,N,1.0,28,8,3,25,5,1,31,12,2,144,22571.92,1222.02,57263.0,13.51,67.66,18.85,24.98,38.34,19.97,27.85,41.32,38.39,6.24,0.41,47.82,44.33,5.67,0.77,19.011,22.316,15.95,1660.0,12.0,4.0,9.0,6.0,6.0,7.0,3,3,1,1,1,0,4,1.0
52,TpMrt,1,G12_BL11,西門站,M,1.9999999999999998,90,44,35,18,4,1,23,15,6,159,21341.4,1154.28,58165.0,12.99,68.56,18.47,25.74,38.57,18.94,26.94,38.77,40.59,7.07,0.45,48.02,43.54,5.59,0.8,151.667,145.938,30.95,3857.0,51.0,20.0,34.0,11.0,60.0,9.0,7,4,6,5,3,9,4,0.0
53,TpMrt,1,G13,北門站,N,1.0,37,16,17,12,3,0,15,5,7,173,21594.42,1117.78,61276.0,12.65,69.13,18.23,26.01,38.84,18.31,26.37,37.63,41.85,7.29,0.44,48.1,43.12,5.41,0.79,25.873,26.622,26.16,2508.0,38.0,16.0,27.0,10.0,60.0,7.0,5,4,4,4,2,9,4,0.0
54,TpMrt,1,G15_O08,松江南京站,M,1.9999999999999998,85,25,62,21,4,0,25,4,13,125,27823.19,1394.72,58043.0,14.41,65.96,19.66,23.93,37.7,21.84,29.8,46.12,34.56,4.6,0.24,46.89,45.51,5.74,0.78,70.837,82.758,16.22,2475.0,29.0,12.0,31.0,20.0,20.0,8.0,4,4,3,5,5,3,4,0.0
55,TpMrt,1,G17,台北小巨蛋站,N,1.0,47,25,46,42,5,0,47,2,11,124,27936.02,1362.73,58946.0,13.09,66.61,20.31,24.44,37.89,19.65,30.5,47.48,34.5,4.59,0.24,46.78,46.19,5.05,0.78,46.976000000000006,50.916,22.25,2464.0,28.0,11.0,11.0,15.0,3.0,8.0,4,4,3,1,4,0,4,0.0
56,TpMrt,1,G18,南京三民站,N,1.0,51,25,54,30,6,0,36,0,11,111,24550.57,1341.63,53107.0,13.25,66.92,19.83,24.91,37.67,19.8,29.64,46.66,34.76,4.93,0.28,46.99,46.59,4.88,0.79,46.25899999999999,51.342,20.39,1800.0,19.0,5.0,11.0,15.0,2.0,8.0,3,4,1,1,4,0,4,0.0
57,TpMrt_Train,1,G19_0990,松山站,MT,1.9999999999999998,34,18,21,21,1,0,22,2,8,88,18870.39,1302.39,42797.0,13.18,67.97,18.84,25.61,37.96,19.39,27.72,45.52,35.56,5.3,0.31,47.42,46.56,4.69,0.82,81.355,86.679,23.1,3931.0,6.0,1.0,0.0,10.0,1.0,8.0,7,3,0,0,2,0,4,1.0
58,TpMrt,0,LB01_BL01,頂埔站(規劃中),M,1.9999999999999998,13,6,6,5,1,0,6,1,5,30,3059.16,843.21,12895.0,13.01,75.4,11.55,30.34,39.46,17.26,15.32,27.93,50.45,7.95,0.5,49.76,42.46,3.79,0.74,0.0,0.0,0.0,1208.0,0.0,0.0,0.0,3.0,0.0,0.0,2,0,0,0,0,0,0,0.0
59,TpMrt,0,LB02,媽祖田站(規劃中),N,1.0,4,4,1,4,0,0,4,0,5,24,2739.91,942.52,10190.0,14.82,73.53,11.64,29.15,38.78,20.15,15.83,29.48,47.67,7.42,0.48,49.71,43.55,4.28,0.8,0.0,0.0,0.0,750.0,0.0,0.0,0.0,2.0,0.0,0.0,1,0,0,0,0,0,0,0.0
60,TpMrt,0,LB03,長壽山站(規劃中),N,1.0,2,2,0,1,0,0,1,0,1,16,2375.03,1044.43,8003.0,17.42,71.27,11.35,27.18,38.44,24.44,15.92,32.84,43.3,5.86,0.44,48.96,44.53,5.52,0.86,0.0,0.0,0.0,1250.0,0.0,0.0,0.0,0.0,0.0,0.0,2,0,0,0,0,0,0,0.0
61,TpMrt,0,LB04,橫溪站(規劃中),N,1.0,2,0,0,3,0,0,3,0,0,22,2757.35,992.21,10791.0,16.45,72.58,10.99,28.2,38.47,22.66,15.14,31.4,45.75,5.91,0.41,48.99,43.11,4.99,0.87,0.0,0.0,0.0,600.0,0.0,0.0,0.0,0.0,0.0,0.0,1,0,0,0,0,0,0,0.0
62,TpMrt,0,LB05,龍埔站(規劃中),N,1.0,1,0,0,9,0,0,9,0,2,23,2696.4,987.33,10681.0,16.38,72.6,11.03,28.24,38.44,22.57,15.19,31.14,45.94,6.04,0.42,49.12,43.04,4.92,0.85,0.0,0.0,0.0,,4.0,0.0,0.0,2.0,0.0,0.0,0,2,0,0,0,0,0,-2.0
63,TpMrt,0,LB06,三峽站(規劃中),N,1.0,16,9,19,34,1,1,36,2,3,25,2886.78,979.9,11528.0,16.21,72.68,11.12,28.24,38.52,22.31,15.3,30.98,46.12,6.18,0.42,49.19,42.94,4.84,0.86,0.0,0.0,0.0,1250.0,11.0,7.0,3.0,6.0,0.0,0.0,2,3,2,0,1,0,1,-2.0
64,TpMrt,0,LB07,台北大學站(規劃中),N,1.0,13,8,12,19,1,1,21,2,4,28,3297.19,955.43,13361.0,15.94,72.95,11.11,28.63,38.43,21.85,15.24,30.89,46.35,6.33,0.43,49.01,42.7,4.95,0.85,0.0,0.0,0.0,950.0,8.0,0.0,1.0,5.0,0.0,0.0,1,3,0,0,1,0,1,-2.0
65,TpMrt,0,LB08,鶯歌車站(規劃中),N,1.0,11,9,20,4,0,0,4,6,2,26,2901.87,933.38,12027.0,16.03,72.64,11.33,28.61,38.2,22.07,15.6,30.19,46.41,6.83,0.46,49.01,42.8,4.97,0.84,0.0,0.0,0.0,725.0,4.0,3.0,1.0,1.0,0.0,0.0,1,2,0,0,0,0,0,-2.0
66,TpMrt,0,LB09,陶瓷老街站(規劃中),N,1.0,19,14,33,9,1,0,10,5,1,26,2544.1,870.37,11448.0,14.97,73.31,11.71,29.34,38.16,20.42,15.98,28.68,47.86,7.85,0.53,49.37,42.53,4.78,0.81,0.0,0.0,0.0,897.0,6.0,5.0,1.0,1.0,1.0,0.0,1,3,1,0,0,0,1,-2.0
67,TpMrt,0,LB10,國華站(規劃中),N,1.0,11,8,2,13,1,0,14,3,1,26,2132.97,796.48,9855.0,13.73,74.56,11.69,31.05,37.73,18.41,15.68,26.88,49.64,9.0,0.63,50.03,42.86,4.59,0.83,0.0,0.0,0.0,500.0,1.0,2.0,0.0,0.0,1.0,0.0,0,0,0,0,0,0,0,0.0
68,TpMrt,0,LB11,永吉公園站(規劃中),N,1.0,7,5,2,12,1,0,13,0,4,34,2897.42,803.5,13312.0,13.96,74.51,11.52,31.19,37.5,18.73,15.47,27.0,49.33,8.95,0.63,49.89,42.75,4.53,0.88,0.0,0.0,0.0,428.0,0.0,0.0,0.0,0.0,0.0,0.0,0,0,0,0,0,0,0,0.0
69,TpMrt,0,LB12,鶯桃福德站(規劃中),N,1.0,9,6,5,8,1,0,9,0,4,48,4430.83,835.69,19353.0,14.18,73.3,12.5,30.55,37.1,19.35,17.05,28.39,47.81,8.83,0.61,49.52,43.02,4.47,0.91,0.0,0.0,0.0,833.0,1.0,1.0,1.0,0.0,0.0,0.0,1,0,0,0,0,0,0,0.0
70,TpMrt,0,LB13,豎啣埤站(規劃中),N,1.0,2,2,1,7,1,0,8,0,5,45,4186.42,861.23,17866.0,15.06,72.85,12.11,30.65,36.45,20.67,16.62,28.65,46.65,8.78,0.67,49.57,43.61,4.46,1.0,0.0,0.0,0.0,600.0,0.0,0.0,0.0,0.0,0.0,0.0,1,0,0,0,0,0,0,0.0
71,TpMrt_TyMrt,0,LB14_G04,大湳站(規劃中),M,1.9999999999999998,25,11,33,10,1,0,11,0,11,42,3711.08,870.12,15792.0,15.16,72.8,12.05,31.16,36.01,20.82,16.55,29.04,46.24,8.66,0.7,49.65,43.9,5.12,1.13,0.0,0.0,0.0,872.0,3.0,3.0,0.0,4.0,0.0,0.0,1,1,0,0,1,0,3,2.0
72,TpMrt,0,LG01_R08_G10,中正紀念堂站(規劃中),M,3.0,41,10,40,25,6,1,32,7,3,153,25996.71,1270.61,62268.0,13.68,66.95,19.37,24.47,38.13,20.44,28.94,43.14,36.91,5.75,0.38,47.6,44.78,5.74,0.76,0.0,0.0,0.0,2500.0,25.0,1.0,3.0,12.0,0.0,0.0,4,4,0,0,3,0,4,0.0
73,TpMrt,0,LG02,植物園站(規劃中),N,1.0,21,9,24,31,6,1,38,7,2,142,21411.21,1207.29,55966.0,13.13,67.9,18.99,25.0,38.51,19.34,27.96,41.15,38.85,6.3,0.44,47.91,44.46,5.53,0.74,0.0,0.0,0.0,1636.0,6.0,2.0,0.0,5.0,2.0,0.0,3,3,0,0,1,0,4,1.0
74,TpMrt,0,LG03,廈安站(規劃中),N,1.0,21,11,40,32,6,0,38,9,7,145,20141.1,1147.84,56343.0,12.94,68.82,18.25,25.57,38.78,18.8,26.51,39.18,40.45,6.81,0.47,48.09,44.23,5.36,0.74,0.0,0.0,0.0,1718.0,9.0,2.0,1.0,5.0,4.0,0.0,3,3,0,0,1,0,4,1.0
75,TpMrt,0,LG04,加蚋站(規劃中),N,1.0,27,18,41,29,3,0,32,3,7,171,21064.26,1059.62,65200.0,12.48,70.03,17.5,26.1,39.3,17.82,24.99,36.9,42.63,7.32,0.51,48.07,43.96,4.89,0.71,0.0,0.0,0.0,1333.0,7.0,2.0,1.0,4.0,0.0,0.0,2,3,0,0,1,0,4,1.0
76,TpMrt,0,LG05,永和站(規劃中),N,1.0,26,17,29,30,5,0,35,1,7,201,23176.88,1024.75,74150.0,11.59,70.68,17.74,26.28,39.81,16.39,25.09,36.85,43.94,7.01,0.49,48.12,44.04,4.75,0.69,0.0,0.0,0.0,1720.0,8.0,1.0,3.0,8.0,0.0,0.0,3,3,0,0,2,0,4,1.0
77,TpMrt,0,LG06_Y12,中和站(規劃中),M,1.9999999999999998,46,22,34,17,3,0,20,1,5,192,19357.3,954.83,68167.0,11.43,71.57,17.0,26.86,39.99,15.97,23.75,34.39,46.09,7.43,0.51,48.18,43.74,4.33,0.68,0.0,0.0,0.0,1227.0,3.0,3.0,3.0,5.0,0.0,0.0,2,1,0,0,1,0,4,3.0
78,TpMrt,0,LG07,雙和醫院站(規劃中),N,1.0,38,17,12,24,2,0,26,0,5,157,16508.74,952.39,58753.0,11.66,72.48,15.87,27.43,40.17,16.08,21.9,33.53,46.83,7.4,0.47,48.3,43.88,4.24,0.69,0.0,0.0,0.0,1200.0,7.0,1.0,3.0,5.0,0.0,0.0,2,3,0,0,1,0,3,0.0
79,TpMrt,0,LG08,中和高中站(規劃中),N,1.0,15,11,14,19,3,0,22,0,3,146,15344.25,941.94,55990.0,12.29,73.07,14.64,28.22,39.84,16.81,20.04,32.24,47.33,7.55,0.47,48.48,43.69,4.08,0.71,0.0,0.0,0.0,1092.0,7.0,0.0,1.0,2.0,0.0,0.0,2,3,0,0,0,0,2,-1.0
80,TpMrt,0,LG08A,莒光站(規劃中),N,1.0,9,9,7,31,3,0,34,1,13,147,14438.67,908.61,55226.0,12.5,73.1,14.38,28.87,39.27,17.11,19.68,31.2,47.79,7.89,0.49,48.77,43.54,3.95,0.73,0.0,0.0,0.0,869.0,2.0,0.0,0.0,1.0,0.0,0.0,1,1,0,0,0,0,2,1.0
81,TpMrt,0,LG09,廷寮站(規劃中),N,1.0,39,19,39,30,4,0,34,0,9,113,11389.54,900.64,43602.0,12.45,73.77,13.77,29.39,39.34,16.88,18.67,30.93,48.3,7.74,0.48,48.72,43.52,4.05,0.75,0.0,0.0,0.0,1215.0,3.0,1.0,1.0,3.0,1.0,0.0,2,1,0,0,0,0,3,2.0
82,TpMrt,0,LG10,清水站(規劃中),N,1.0,24,15,32,28,5,0,33,0,6,98,9898.41,885.92,38708.0,12.25,74.36,13.38,29.92,39.42,16.48,17.99,30.59,48.68,7.86,0.47,48.92,43.35,4.02,0.76,0.0,0.0,0.0,1173.0,2.0,2.0,2.0,8.0,0.0,0.0,2,1,0,0,2,0,3,2.0
83,TpMrt,0,LG11_BL03,土城站(規劃中),M,1.9999999999999998,22,10,28,7,2,0,9,0,3,63,7041.97,872.39,28175.0,12.77,75.67,11.55,30.69,39.66,16.88,15.26,29.8,49.34,7.49,0.45,49.03,42.87,3.97,0.76,0.0,0.0,0.0,1500.0,1.0,1.0,1.0,4.0,1.0,0.0,2,0,0,0,1,0,0,0.0
84,TpMrt,0,LG12,埤塘站(規劃中),N,1.0,16,7,6,8,2,0,10,0,2,52,5634.95,857.42,23123.0,12.72,75.75,11.51,30.76,39.57,16.79,15.2,29.65,49.46,7.54,0.47,49.2,42.71,3.81,0.77,0.0,0.0,0.0,872.0,4.0,0.0,0.0,2.0,1.0,0.0,1,2,0,0,0,0,0,-2.0
85,TpMrt,0,LG13,中華中學站(規劃中),N,1.0,25,13,29,9,4,0,13,0,5,69,7250.34,857.22,29661.0,12.65,75.34,12.0,30.45,39.51,16.79,15.93,29.68,49.29,7.76,0.46,49.11,42.89,3.91,0.75,0.0,0.0,0.0,1150.0,1.0,0.0,1.0,3.0,0.0,0.0,2,0,0,0,0,0,3,3.0
86,TpMrt,0,LG14,溪州站(規劃中),N,1.0,19,13,9,35,2,0,37,0,6,65,6683.56,848.06,27752.0,12.84,75.22,11.94,30.48,39.31,17.06,15.87,28.98,49.63,7.97,0.46,49.35,42.71,3.84,0.76,0.0,0.0,0.0,1133.0,6.0,2.0,2.0,5.0,0.0,0.0,2,3,0,0,1,0,2,-1.0
87,TpMrt,0,LG15,彭福站(規劃中),N,1.0,23,17,20,27,3,0,30,0,7,53,5386.16,836.88,22863.0,12.92,75.02,12.05,30.24,39.25,17.23,16.06,28.11,50.16,8.2,0.49,49.57,42.54,3.91,0.75,0.0,0.0,0.0,868.0,2.0,1.0,2.0,7.0,0.0,0.0,1,1,0,0,2,0,3,2.0
88,TpMrt,0,LG16,育林國小站(規劃中),N,1.0,11,6,3,21,4,0,25,0,4,50,4911.72,834.62,20748.0,13.23,75.12,11.65,30.7,38.77,17.61,15.51,28.12,50.04,8.05,0.44,49.52,42.7,3.82,0.77,0.0,0.0,0.0,929.0,4.0,1.0,0.0,3.0,0.0,0.0,1,2,0,0,0,0,0,-2.0
89,TpMrt,0,LG17,樹人家商站(規劃中),N,1.0,13,7,20,19,1,0,20,1,4,65,5980.41,818.0,26026.0,13.13,75.08,11.78,30.91,38.56,17.49,15.69,27.76,50.38,8.17,0.45,49.41,42.54,3.82,0.76,0.0,0.0,0.0,943.0,6.0,2.0,2.0,2.0,0.0,0.0,1,3,0,0,0,0,3,0.0
90,TpMrt,0,LG18,潭底站(規劃中),N,1.0,6,4,2,13,2,0,15,1,2,89,8557.63,818.29,36701.0,13.06,75.26,11.67,31.28,38.54,17.36,15.51,28.42,50.0,7.92,0.45,49.23,42.74,3.89,0.79,0.0,0.0,0.0,1050.0,1.0,0.0,0.0,0.0,0.0,0.0,2,0,0,0,0,0,0,0.0
91,TpMrt,0,LG19,監理所站(規劃中),N,1.0,7,4,0,5,1,0,6,0,1,73,6911.4,809.01,30072.0,13.41,75.31,11.28,31.37,38.38,17.81,14.98,28.0,50.33,7.7,0.43,49.28,42.62,3.88,0.8,0.0,0.0,0.0,760.0,0.0,0.0,0.0,0.0,0.0,0.0,1,0,0,0,0,0,0,0.0
92,TpMrt,0,LG20,三角埔站(規劃中),N,1.0,17,7,5,17,4,1,22,0,2,55,5084.26,800.29,22160.0,13.37,75.38,11.25,31.66,38.24,17.73,14.92,27.91,50.68,7.55,0.41,49.31,42.61,3.89,0.81,0.0,0.0,0.0,789.0,0.0,2.0,0.0,2.0,0.0,0.0,1,0,0,0,0,0,0,0.0
93,TpMrt_TyMrt,0,LG21_BRH8_O21,迴龍站(規劃中),M,3.0,13,10,6,27,4,0,31,0,3,52,4859.31,799.36,21098.0,13.45,75.62,10.93,31.8,38.38,17.78,14.46,28.05,50.72,7.32,0.39,49.24,42.62,4.17,0.83,0.0,0.0,0.0,720.0,1.0,1.0,1.0,3.0,0.0,0.0,1,0,0,0,0,0,0,0.0
94,TpMrt,1,O01,南勢角站,N,1.0,31,18,56,34,2,1,37,2,4,143,15380.95,997.66,50409.0,10.99,71.52,17.49,26.13,40.67,15.37,24.45,36.68,45.26,6.52,0.43,47.86,44.02,4.52,0.63,43.049,45.433,24.31,1333.0,4.0,2.0,2.0,9.0,0.0,7.0,2,2,0,0,2,0,3,1.0
95,TpMrt,1,O02_Y11,景安站,M,1.9999999999999998,27,19,47,40,5,0,45,0,3,151,15791.36,983.89,52873.0,10.95,71.71,17.34,26.31,40.68,15.26,24.18,36.01,45.74,6.75,0.45,47.98,43.91,4.54,0.64,49.73,53.293,23.14,1256.0,7.0,3.0,3.0,11.0,0.0,8.0,2,3,0,0,3,0,4,1.0
96,TpMrt,1,O03,永安市場站,N,1.0,37,18,51,43,8,0,51,1,10,184,21587.21,1044.98,66938.0,11.55,70.42,18.03,25.9,39.93,16.4,25.6,38.33,42.99,6.56,0.44,47.87,44.36,4.88,0.67,53.093,56.24,24.02,1458.0,13.0,5.0,7.0,16.0,2.0,8.0,2,4,1,1,4,0,4,0.0
97,TpMrt,1,O04,頂溪站,N,1.0,39,22,56,32,2,0,34,0,2,184,25879.99,1151.6,71735.0,12.91,68.68,18.4,25.07,39.09,18.79,26.79,40.68,39.75,6.12,0.42,47.78,44.6,5.25,0.69,73.071,76.693,24.72,1643.0,14.0,1.0,3.0,8.0,1.0,8.0,3,4,0,0,2,0,4,0.0
98,TpMrt,1,O07_BL14,忠孝新生站,M,1.9999999999999998,46,17,42,36,6,2,44,5,9,151,33487.55,1398.52,69389.0,14.54,65.79,19.69,23.87,37.61,22.09,29.92,47.46,33.41,4.29,0.23,46.78,45.79,5.96,0.77,68.118,69.092,27.22,2282.0,28.0,4.0,9.0,11.0,7.0,8.0,4,4,1,1,3,1,4,0.0
99,TpMrt,1,O09,行天宮站,N,1.0,63,21,62,26,4,0,30,2,10,109,23119.96,1339.28,50123.0,13.8,66.66,19.55,24.49,37.9,20.7,29.33,44.89,35.93,5.04,0.26,46.97,45.38,5.6,0.79,55.99,61.29600000000001,21.48,1812.0,16.0,5.0,7.0,10.0,12.0,8.0,3,4,1,1,2,1,4,0.0
100,TpMrt,1,O10,中山國小站,N,1.0,61,34,59,16,5,1,22,0,14,129,20038.05,1210.98,49677.0,12.77,68.32,18.93,25.6,38.47,18.69,27.7,40.82,39.51,6.44,0.36,47.37,44.44,5.3,0.8,34.418,37.265,22.35,1756.0,28.0,10.0,18.0,15.0,16.0,7.0,3,4,3,3,4,2,4,0.0
101,TpMrt,1,O12,大橋頭站,N,1.0,27,16,40,25,7,1,33,3,10,165,17987.4,1023.23,56353.0,11.77,70.49,17.76,26.99,39.2,16.7,25.19,35.14,44.44,8.05,0.46,48.13,42.85,4.82,0.79,26.358,27.207,25.96,1666.0,16.0,2.0,4.0,5.0,5.0,7.0,3,4,0,0,1,0,4,0.0
102,TpMrt,1,O13,台北橋站,N,1.0,45,27,58,20,1,0,21,2,7,180,16791.93,942.36,59735.0,11.8,71.56,16.65,27.81,39.23,16.49,23.27,32.25,46.61,8.69,0.52,48.44,42.45,4.6,0.77,19.621,20.068,26.62,1363.0,3.0,0.0,3.0,8.0,2.0,7.0,2,1,0,0,2,0,4,3.0
103,TpMrt,1,O14,菜寮站,N,1.0,43,22,48,32,3,0,35,0,7,166,14082.84,916.55,52419.0,11.71,72.21,16.09,28.26,39.28,16.21,22.29,30.93,47.76,8.91,0.56,48.91,42.33,4.53,0.76,19.413,20.91,22.77,1103.0,6.0,1.0,3.0,10.0,1.0,7.0,2,3,0,0,2,0,3,0.0
104,TpMrt_TyMrt,1,O15_A2,三重站,M,1.9999999999999998,24,9,15,20,4,0,24,2,10,161,12518.62,879.05,49383.0,11.35,72.97,15.67,28.77,39.43,15.56,21.48,29.95,48.83,9.17,0.58,49.0,42.08,4.28,0.75,13.594,13.78,44.9,1080.0,5.0,1.0,2.0,5.0,1.0,6.0,2,2,0,0,1,0,3,1.0
105,TpMrt,1,O16,先嗇宮站,N,1.0,25,11,5,10,3,0,13,0,3,139,13978.12,922.59,52148.0,12.56,73.16,14.27,28.66,39.41,17.17,19.5,31.05,47.38,8.34,0.54,48.78,42.95,3.81,0.74,315.115,302.844,39.88,1201.0,2.0,0.0,0.0,2.0,0.0,9.0,2,1,0,0,0,0,2,1.0
106,TpMrt,1,O17_Y18,頭前庄站,M,1.9999999999999998,15,8,5,16,5,0,21,2,2,120,12123.8,929.31,45404.0,13.06,72.66,14.27,28.45,39.08,17.98,19.65,31.27,46.82,8.2,0.52,48.68,43.34,3.68,0.74,7.856,8.251,33.85,978.0,0.0,0.0,0.0,3.0,3.0,6.0,1,0,0,0,0,0,0,0.0
107,TpMrt,1,O18,新莊站,N,1.0,29,15,45,21,3,0,24,1,6,136,13906.88,930.79,51432.0,13.2,72.82,13.97,28.81,38.91,18.13,19.19,31.46,46.85,7.89,0.48,48.75,43.49,3.73,0.76,21.618,23.019,23.64,1297.0,3.0,1.0,2.0,4.0,1.0,7.0,2,1,0,0,1,0,3,2.0
108,TpMrt,1,O19,輔大站,N,1.0,10,8,4,13,0,1,14,0,3,121,11946.8,860.78,48510.0,13.42,73.83,12.75,29.95,38.56,18.17,17.27,29.65,48.75,7.65,0.44,48.94,42.99,3.55,0.78,22.21,24.599,20.81,1132.0,3.0,0.0,4.0,7.0,0.0,7.0,2,1,0,0,2,0,1,0.0
109,TpMrt,1,O20,丹鳳站,N,1.0,21,9,25,25,1,0,26,0,3,66,6456.18,826.87,26869.0,13.56,74.68,11.75,31.1,38.17,18.16,15.74,28.64,49.93,7.38,0.39,49.05,42.99,3.74,0.8,18.396,19.456,24.14,1553.0,3.0,1.0,2.0,5.0,1.0,7.0,3,1,0,0,1,0,3,2.0
110,TpMrt,1,O21,迴龍站,N,1.0,13,10,6,27,4,0,31,0,3,52,4859.31,799.36,21098.0,13.45,75.62,10.93,31.8,38.38,17.78,14.46,28.05,50.72,7.32,0.39,49.24,42.62,4.17,0.83,19.588,21.073,22.88,720.0,1.0,1.0,1.0,3.0,0.0,7.0,1,0,0,0,0,0,0,0.0
111,TpMrt,1,O50,三重國小站,N,1.0,49,25,76,28,3,0,31,0,10,178,15971.97,911.75,60202.0,11.91,72.3,15.79,28.28,39.29,16.48,21.84,30.92,47.5,8.98,0.55,48.81,42.51,4.23,0.77,23.73,24.895,24.75,1228.0,5.0,0.0,3.0,5.0,2.0,7.0,2,2,0,0,1,0,4,2.0
112,TpMrt,1,O51,三和國中站,N,1.0,30,20,45,35,6,0,41,0,13,172,13863.35,860.97,57250.0,11.91,73.73,14.37,29.15,39.52,16.15,19.48,29.19,49.04,9.18,0.56,49.1,42.3,4.0,0.76,24.221,25.954,23.15,1066.0,6.0,0.0,2.0,7.0,3.0,7.0,2,3,0,0,2,0,3,0.0
113,TpMrt,1,O52,徐匯中學站,N,1.0,33,19,45,36,5,0,41,0,11,153,11959.45,839.91,51615.0,12.0,74.37,13.63,29.57,39.57,16.13,18.33,28.43,49.76,9.11,0.57,49.22,42.11,3.87,0.76,24.422,25.719,24.46,1000.0,8.0,0.0,2.0,8.0,1.0,7.0,1,3,0,0,2,0,3,0.0
114,TpMrt,1,O53,三民高中站,N,1.0,39,21,73,41,5,0,46,1,3,106,9364.89,831.77,41077.0,12.41,74.88,12.7,30.15,39.32,16.58,16.96,28.13,49.97,8.81,0.56,49.18,42.36,3.97,0.76,24.23,25.826,23.56,1120.0,5.0,0.0,1.0,9.0,1.0,7.0,2,2,0,0,2,0,3,1.0
115,TpMrt,1,O54,蘆洲站,N,1.0,14,9,5,41,2,0,43,1,7,73,7037.94,838.55,30845.0,12.84,75.47,11.68,30.57,39.33,17.01,15.48,28.07,50.04,8.4,0.52,49.21,42.44,4.51,0.77,26.781,28.58,23.46,1176.0,5.0,0.0,0.0,3.0,0.0,7.0,2,2,0,0,0,0,2,0.0
116,TpMrt,1,R02,象山站,N,1.0,23,10,5,18,4,0,22,11,16,102,21511.05,1299.6,48576.0,12.92,67.32,19.76,25.24,37.81,19.2,29.35,46.36,35.11,5.17,0.3,47.11,46.48,4.75,0.79,25.796,27.992,22.19,1933.0,19.0,3.0,10.0,10.0,0.0,7.0,3,4,0,1,2,0,4,0.0
117,TpMrt,1,R03,台北101/世貿站,N,1.0,41,22,27,24,2,1,27,8,13,117,26371.12,1359.9,56587.0,13.5,66.58,19.93,24.57,37.65,20.27,29.93,47.71,33.79,4.63,0.26,46.96,46.67,4.91,0.77,70.585,69.202,29.6,2266.0,33.0,9.0,20.0,13.0,2.0,8.0,4,4,2,3,3,0,4,0.0
118,TpMrt,1,R04,信義安和站,N,1.0,62,19,89,49,8,0,57,0,11,129,30490.78,1433.51,61793.0,14.15,65.79,20.07,23.85,37.52,21.51,30.5,49.07,32.31,4.14,0.23,46.8,46.64,5.3,0.74,35.938,39.26,21.64,2643.0,37.0,20.0,54.0,18.0,6.0,7.0,5,4,6,9,5,0,4,0.0
119,TpMrt,1,R05_BR09,大安站,M,1.9999999999999998,37,15,76,40,13,0,53,4,11,128,30237.74,1449.76,59833.0,14.51,65.43,20.06,23.56,37.49,22.18,30.66,49.68,31.66,3.85,0.22,46.75,46.65,5.73,0.76,49.25899999999999,55.133,19.76,2830.0,30.0,8.0,12.0,14.0,8.0,8.0,5,4,2,2,4,1,4,0.0
120,TpMrt,1,R06,大安森林公園站,N,1.0,25,9,31,39,8,0,47,4,10,140,29834.38,1427.76,60451.0,14.59,65.47,19.94,23.58,37.5,22.29,30.46,48.77,32.27,4.05,0.24,46.79,46.23,5.92,0.76,18.562,17.189,33.56,2777.0,17.0,3.0,6.0,9.0,6.0,7.0,5,4,0,1,2,0,4,0.0
121,TpMrt,1,R07_O06,東門站,M,1.9999999999999998,48,17,76,35,2,2,39,6,9,158,30305.78,1363.65,65296.0,14.11,65.98,19.92,23.91,37.77,21.38,30.19,46.37,34.42,4.7,0.29,47.04,45.47,5.92,0.76,52.136,53.459,26.45,3555.0,30.0,2.0,5.0,17.0,7.0,8.0,7,4,0,0,4,1,4,0.0
122,TpMrt,1,R08_G10,中正紀念堂站,M,1.9999999999999998,41,10,40,25,6,1,32,7,3,153,25996.71,1270.61,62268.0,13.68,66.95,19.37,24.47,38.13,20.44,28.94,43.14,36.91,5.75,0.38,47.6,44.78,5.74,0.76,61.147,62.63,26.51,2500.0,25.0,1.0,3.0,12.0,0.0,8.0,4,4,0,0,3,0,4,0.0
123,TpMrt,1,R09,台大醫院站,N,1.0,67,22,44,16,4,2,22,9,3,158,25625.07,1249.94,62237.0,13.46,67.41,19.15,24.95,38.21,19.96,28.4,42.04,37.9,6.1,0.39,47.58,44.37,5.85,0.78,45.508,53.109,16.34,3741.0,28.0,1.0,4.0,3.0,60.0,8.0,7,4,0,0,0,9,4,0.0
124,TpMrt_TyMrt_Train_Thsr,1,R10_BL12_A1_1000_Taipei,台北車站,MTH,5.0,69,40,72,12,4,0,16,4,6,168,26011.04,1227.28,64594.0,13.18,67.84,18.99,25.23,38.4,19.42,28.0,41.25,38.77,6.32,0.38,47.65,44.16,5.69,0.78,313.776,301.571,31.01,3300.0,58.0,7.0,19.0,10.0,60.0,9.0,6,4,2,3,2,9,4,0.0
125,TpMrt,1,R11_G14,中山站,M,1.9999999999999998,72,31,82,15,6,0,21,2,12,158,24174.91,1239.99,59085.0,13.22,67.91,18.89,25.29,38.39,19.47,27.81,41.27,38.87,6.18,0.36,47.54,44.22,5.71,0.78,85.426,84.361,29.15,2320.0,54.0,14.0,57.0,18.0,60.0,8.0,4,4,4,9,5,9,4,0.0
126,TpMrt,1,R12,雙連站,N,1.0,56,31,76,19,8,0,27,0,12,152,20407.18,1178.04,52758.0,12.39,68.69,18.91,25.84,38.65,18.04,27.53,39.63,40.66,6.83,0.38,47.57,43.86,5.48,0.79,45.618,48.846,23.19,2132.0,36.0,10.0,32.0,18.0,60.0,8.0,4,4,3,5,5,9,4,0.0
127,TpMrt,1,R13_O11,民權西路站,M,1.9999999999999998,47,20,49,28,9,1,38,0,15,153,18641.88,1116.08,51389.0,11.82,69.48,18.73,26.42,38.88,17.01,26.95,37.96,42.26,7.42,0.42,47.71,43.57,5.12,0.8,47.151,50.512,23.19,2111.0,29.0,6.0,16.0,13.0,18.0,8.0,4,4,1,2,3,2,4,0.0
128,TpMrt,1,R14,圓山站,N,1.0,17,9,11,15,4,1,20,10,11,148,17632.86,1046.96,53065.0,11.91,69.94,18.16,26.83,38.83,17.03,25.96,36.36,43.18,7.97,0.46,48.01,43.54,4.6,0.8,58.504,57.744,29.17,1621.0,18.0,6.0,10.0,4.0,3.0,8.0,3,4,1,1,1,0,4,0.0
129,TpMrt,1,R15,劍潭站,N,1.0,33,14,3,16,2,1,19,2,8,90,13835.14,1104.34,38843.0,12.24,69.35,18.42,26.74,38.35,17.65,26.56,37.93,41.42,7.82,0.45,47.99,44.61,4.27,0.82,69.464,69.711,28.05,1750.0,7.0,4.0,4.0,6.0,2.0,8.0,3,3,1,0,1,0,4,1.0
130,TpMrt,1,R16,士林站,N,1.0,37,16,67,17,7,1,25,4,10,64,12712.71,1183.9,32830.0,13.49,68.31,18.2,26.44,37.44,19.75,26.65,40.23,38.66,7.12,0.37,47.83,45.96,3.87,0.8,59.86,61.081,26.81,3500.0,14.0,5.0,10.0,12.0,4.0,8.0,6,4,1,1,3,0,4,0.0
131,TpMrt,1,R17,芝山站,N,1.0,27,8,23,26,3,0,29,1,12,62,13019.31,1199.49,33310.0,13.68,68.29,18.04,26.42,37.41,20.04,26.41,40.71,38.13,6.99,0.36,47.82,46.22,3.9,0.8,47.423,49.272,25.48,2000.0,8.0,2.0,3.0,10.0,2.0,8.0,3,3,0,0,2,0,3,0.0
132,TpMrt,1,R18,明德站,N,1.0,24,12,35,31,5,1,37,0,13,60,13028.11,1201.63,33125.0,13.53,68.5,17.97,26.49,37.54,19.75,26.24,41.01,38.07,6.92,0.36,47.86,46.25,3.83,0.8,24.345,26.915,20.71,1277.0,10.0,1.0,2.0,8.0,0.0,7.0,2,3,0,0,2,0,3,0.0
133,TpMrt,1,R19,石牌站,N,1.0,30,18,61,25,4,2,31,0,9,59,12788.25,1210.89,32127.0,13.39,68.57,18.04,26.51,37.62,19.53,26.3,41.51,37.93,6.71,0.35,47.76,46.16,3.89,0.79,61.615,66.465,22.64,1482.0,9.0,2.0,1.0,6.0,0.0,8.0,2,3,0,0,1,0,3,0.0
134,TpMrt,1,R20,唭哩岸站,N,1.0,15,8,11,15,0,1,16,0,10,52,11041.07,1194.15,28291.0,13.43,68.87,17.69,26.6,37.75,19.5,25.68,41.17,38.14,6.76,0.39,47.68,46.15,3.9,0.82,14.341,15.130999999999998,24.32,1391.0,3.0,0.0,1.0,4.0,0.0,6.0,2,1,0,0,1,0,3,2.0
135,TpMrt,1,R21,奇岩站,N,1.0,10,6,13,10,3,0,13,0,11,40,8063.36,1166.24,21454.0,13.56,69.12,17.3,26.63,37.93,19.62,25.03,39.96,38.86,7.09,0.41,47.79,45.87,3.92,0.82,16.997,18.653,21.3,1290.0,4.0,0.0,2.0,4.0,0.0,7.0,2,2,0,0,1,0,2,0.0
136,TpMrt,1,R22,北投站,N,1.0,27,11,48,17,5,0,22,1,10,29,5562.42,1112.93,15720.0,13.75,69.39,16.83,26.69,38.12,19.81,24.26,38.67,39.68,7.3,0.44,47.87,45.2,3.64,0.83,37.367,39.064,25.03,1550.0,12.0,0.0,1.0,4.0,2.0,7.0,3,3,0,0,1,0,3,0.0
137,TpMrt,1,R22A,新北投站,N,1.0,27,12,39,23,7,0,30,10,12,30,5758.19,1129.06,15997.0,13.59,69.42,16.96,26.62,38.24,19.58,24.43,38.97,39.56,7.27,0.44,47.89,45.33,3.69,0.84,13.354,12.76,31.46,1666.0,14.0,1.0,0.0,7.0,3.0,6.0,3,4,0,0,2,0,3,-1.0
138,TpMrt,1,R23,復興崗站,N,1.0,8,5,1,6,1,0,7,1,4,28,4911.92,1050.68,14568.0,11.49,71.48,17.01,27.3,39.64,16.08,23.8,37.57,42.28,7.97,0.56,48.04,45.09,4.0,0.78,7.209,7.603,24.35,1000.0,1.0,0.0,0.0,2.0,0.0,6.0,1,0,0,0,0,0,0,0.0
139,TpMrt,1,R24,忠義站,N,1.0,4,2,1,6,1,2,9,1,2,23,3920.78,1011.55,12311.0,10.97,72.33,16.68,27.53,40.2,15.16,23.06,35.75,43.96,8.58,0.59,48.27,44.62,4.03,0.77,6.259,7.213999999999999,17.37,880.0,5.0,2.0,0.0,1.0,0.0,5.0,1,2,0,0,0,0,0,-2.0
140,TpMrt,1,R25,關渡站,N,1.0,18,8,5,8,1,3,12,3,7,13,2069.5,968.87,6942.0,10.54,73.74,15.7,27.93,40.92,14.3,21.29,33.68,46.07,8.97,0.62,48.43,45.02,4.91,0.68,23.951,26.385,21.06,1276.0,5.0,3.0,0.0,2.0,2.0,7.0,2,2,0,0,0,0,2,0.0
141,TpMrt,1,R26,竹圍站,N,1.0,18,10,16,9,2,0,11,0,0,13,2526.78,1033.87,7567.0,10.22,73.42,16.35,26.83,42.1,13.91,22.26,37.37,44.3,7.44,0.56,47.59,45.29,5.96,0.65,19.057,19.906,25.08,1103.0,4.0,1.0,2.0,2.0,0.0,7.0,2,2,0,0,0,0,1,-1.0
142,TpMrt_TpLr,1,R27_V01,紅樹林站,N,1.9999999999999998,8,5,2,4,0,0,4,1,0,26,2848.03,982.42,9219.0,10.23,73.92,15.89,26.81,42.46,13.84,21.5,36.45,45.81,6.9,0.57,47.43,44.12,5.66,0.57,22.325,22.287,28.39,1390.0,1.0,1.0,0.0,1.0,1.0,7.0,2,0,0,0,0,0,0,0.0
143,TpMrt,1,R28,淡水站,N,1.0,22,16,31,9,0,1,10,8,4,26,2703.21,939.27,9488.0,11.96,73.56,14.54,27.29,41.3,16.26,19.77,35.72,45.69,6.12,0.51,47.64,43.55,5.22,0.62,78.134,76.652,29.62,1966.0,11.0,6.0,7.0,7.0,4.0,8.0,3,3,1,1,2,0,3,0.0
144,TpLr,10,V02,竿蓁林站,N,1.0,8,5,1,2,0,0,2,1,1,28,3008.88,949.17,10280.0,11.67,73.62,14.78,27.09,41.62,15.86,20.07,36.14,45.45,6.24,0.52,47.32,43.61,5.26,0.6,0.0,0.0,0.0,743.0,1.0,0.0,0.0,3.0,2.0,0.0,1,0,0,0,0,0,0,0.0
145,TpLr,10,V03,淡金鄧公站,N,1.0,0,0,0,0,0,0,0,0,0,27,2658.97,941.56,9316.0,11.96,73.53,14.59,27.25,41.35,16.26,19.84,35.64,45.64,6.24,0.53,47.71,43.59,5.24,0.6,0.0,0.0,0.0,945.0,0.0,0.0,0.0,1.0,0.0,0.0,1,0,0,0,0,0,0,0.0
146,TpLr,10,V04,淡江大學站,N,1.0,3,5,0,5,0,1,6,2,1,28,2680.25,939.45,9457.0,12.03,73.46,14.58,27.26,41.23,16.38,19.85,35.38,45.68,6.33,0.56,47.88,43.67,5.2,0.6,0.0,0.0,0.0,875.0,1.0,1.0,1.0,0.0,0.0,0.0,1,0,0,0,0,0,0,0.0
147,TpLr,10,V05,淡金北新站,N,1.0,12,10,9,15,2,1,18,2,2,30,3189.24,941.89,11382.0,12.43,73.41,14.22,27.61,40.89,16.94,19.38,35.62,45.35,6.04,0.56,47.95,43.88,6.12,0.68,0.0,0.0,0.0,1058.0,2.0,0.0,2.0,4.0,0.0,0.0,2,1,0,0,1,0,0,-1.0
148,TpLr,10,V06,新市一路站,N,1.0,8,6,6,18,2,0,20,0,4,31,3231.69,918.62,12014.0,12.34,73.57,14.16,27.86,40.81,16.77,19.24,35.2,45.83,6.08,0.55,48.02,43.82,6.31,0.67,0.0,0.0,0.0,1350.0,4.0,5.0,3.0,4.0,0.0,0.0,2,2,1,0,1,0,0,-2.0
149,TpLr,10,V07,淡水行政中心站,N,1.0,12,3,4,10,0,0,10,0,2,28,2812.27,903.98,10748.0,12.66,73.73,13.68,28.16,40.51,17.17,18.55,34.5,46.23,6.08,0.54,48.08,43.6,6.1,0.68,0.0,0.0,0.0,1138.0,1.0,3.0,1.0,2.0,0.0,0.0,2,0,0,0,0,0,0,0.0
150,TpLr,10,V08,濱海義山站,N,1.0,5,4,1,5,0,0,5,0,3,27,2792.72,904.67,10645.0,12.69,73.78,13.6,28.22,40.52,17.2,18.44,34.65,46.17,5.98,0.53,48.0,43.56,6.13,0.69,0.0,0.0,0.0,972.0,1.0,1.0,0.0,2.0,0.0,0.0,1,0,0,0,0,0,0,0.0
151,TpLr,10,V09,濱海沙崙站,N,1.0,5,3,0,0,0,1,1,0,1,26,2596.48,893.8,10104.0,12.79,73.68,13.6,28.31,40.35,17.35,18.46,34.26,46.39,6.04,0.53,48.06,43.47,6.27,0.69,0.0,0.0,0.0,986.0,0.0,2.0,0.0,3.0,0.0,0.0,1,0,0,0,0,0,0,0.0
152,TpLr,10,V10,淡海新市鎮站,N,1.0,0,0,0,0,0,1,1,0,1,22,2369.82,902.44,9158.0,13.06,73.71,13.29,28.38,40.28,17.72,18.03,34.49,46.11,5.82,0.52,48.03,43.62,6.56,0.71,0.0,0.0,0.0,903.0,0.0,3.0,2.0,2.0,0.0,0.0,1,0,0,0,0,0,0,0.0
153,TpLr,10,V11,崁頂站,N,1.0,2,1,0,0,0,0,0,0,0,16,2176.46,916.02,8220.0,13.26,73.95,12.85,28.41,40.44,17.93,17.37,35.15,45.6,5.47,0.52,47.96,44.01,6.69,0.72,0.0,0.0,0.0,971.0,0.0,2.0,2.0,0.0,0.0,0.0,1,0,0,0,0,0,0,0.0
154,TpLr,10,V26,淡水魚人碼頭站,N,1.0,8,4,1,5,0,0,5,3,2,22,2303.51,905.47,8903.0,13.01,73.58,13.48,28.33,40.24,17.68,18.32,34.43,46.24,5.86,0.49,48.03,43.58,6.68,0.72,0.0,0.0,0.0,779.0,0.0,0.0,1.0,0.0,1.0,0.0,1,0,0,0,0,0,0,0.0
155,TpLr,10,V27,沙崙站,N,1.0,5,3,0,0,0,1,1,0,2,26,2596.48,893.8,10104.0,12.79,73.68,13.6,28.31,40.35,17.35,18.46,34.26,46.39,6.04,0.53,48.06,43.47,6.27,0.69,0.0,0.0,0.0,1000.0,0.0,2.0,0.0,3.0,0.0,0.0,1,0,0,0,0,0,0,0.0
156,TpLr,10,V28,台北海洋大學站,N,1.0,3,2,0,2,0,1,3,1,3,24,2421.94,901.35,9351.0,12.94,73.63,13.5,28.31,40.28,17.57,18.33,34.4,46.23,5.92,0.52,48.07,43.66,6.46,0.71,0.0,0.0,0.0,956.0,0.0,0.0,0.0,2.0,0.0,0.0,1,0,0,0,0,0,0,0.0
157,TpMrt,0,Y01_BR01,動物園站(規劃中),M,1.9999999999999998,3,0,0,5,2,0,7,2,1,31,6354.88,1202.66,16319.0,12.45,71.46,16.05,26.97,39.53,17.42,22.47,43.43,37.59,5.96,0.42,48.12,45.62,3.87,0.8,0.0,0.0,0.0,,0.0,1.0,0.0,0.0,0.0,0.0,0,0,0,0,0,0,0,0.0
158,TpMrt,0,Y02,政大站(規劃中),N,1.0,11,9,8,11,5,1,17,0,5,29,5939.2,1227.61,15032.0,12.62,71.5,15.85,26.74,39.64,17.65,22.16,43.26,37.63,5.88,0.43,48.2,45.6,3.88,0.78,0.0,0.0,0.0,1375.0,8.0,1.0,0.0,1.0,0.0,0.0,2,3,0,0,0,0,2,-1.0
159,TpMrt,0,Y03,文山區公所站(規劃中),N,1.0,19,10,14,16,6,1,23,0,5,37,7983.12,1226.47,20042.0,13.15,70.9,15.94,26.52,39.35,18.55,22.48,43.84,36.94,5.52,0.39,47.91,45.85,4.09,0.78,0.0,0.0,0.0,1228.0,8.0,1.0,0.0,4.0,0.0,0.0,2,3,0,0,1,0,3,0.0
160,TpMrt,0,Y04,馬明潭站(規劃中),N,1.0,17,10,20,29,6,0,35,0,11,62,11720.18,1180.52,30512.0,12.25,70.51,17.22,26.19,39.6,17.37,24.43,43.67,38.06,5.5,0.36,47.74,45.84,4.47,0.72,0.0,0.0,0.0,1267.0,3.0,0.0,2.0,5.0,0.0,0.0,2,1,0,0,1,0,3,2.0
161,TpMrt,0,Y05,溝子口站(規劃中),N,1.0,18,9,5,22,7,1,30,3,4,88,14934.86,1162.7,39508.0,11.8,70.34,17.83,26.05,39.67,16.77,25.35,43.16,38.96,5.58,0.37,47.66,45.85,4.61,0.69,0.0,0.0,0.0,1458.0,1.0,0.0,2.0,1.0,1.0,0.0,2,0,0,0,0,0,2,2.0
162,TpMrt,0,Y06,寶斗厝站(規劃中),N,1.0,23,10,6,21,4,1,26,0,7,86,14201.07,1150.35,37879.0,11.59,70.4,17.99,26.14,39.68,16.46,25.55,43.08,39.2,5.63,0.37,47.62,45.87,4.6,0.68,0.0,0.0,0.0,1357.0,7.0,1.0,2.0,1.0,0.0,0.0,2,3,0,0,0,0,3,0.0
163,TpMrt,1,Y08,十四張站,N,1.0,2,0,0,7,1,0,8,1,3,137,18150.88,1070.6,54098.0,11.12,70.73,18.13,25.86,40.31,15.72,25.64,39.74,42.68,5.96,0.37,47.66,44.81,4.79,0.63,2.303,2.536,22.91,1363.0,2.0,0.0,0.0,2.0,0.0,4.0,2,1,0,0,0,0,0,-1.0
164,TpMrt,1,Y09,秀朗橋站,N,1.0,9,7,9,18,1,0,19,0,2,159,20030.51,1065.28,60180.0,11.2,70.59,18.2,25.88,40.16,15.86,25.78,39.78,42.52,6.0,0.38,47.65,44.74,4.81,0.63,4.788,4.82,29.53,1181.0,1.0,0.0,0.0,3.0,0.0,5.0,2,0,0,0,0,0,0,0.0
165,TpMrt,1,Y10,景平站,N,1.0,31,17,36,36,1,0,37,0,5,167,19141.1,1034.65,59636.0,11.17,70.95,17.87,25.95,40.38,15.74,25.18,38.39,43.63,6.28,0.4,47.72,44.43,4.73,0.63,6.72,7.09,26.14,1250.0,4.0,2.0,3.0,12.0,0.0,6.0,2,2,0,0,3,0,3,1.0
166,TpMrt,1,Y12,中和站,N,1.0,46,22,34,17,3,0,20,1,5,192,19357.3,954.83,68167.0,11.43,71.57,17.0,26.86,39.99,15.97,23.75,34.39,46.09,7.43,0.51,48.18,43.74,4.33,0.68,8.982000000000003,9.017,29.72,1227.0,3.0,3.0,3.0,5.0,0.0,6.0,2,1,0,0,1,0,4,3.0
167,TpMrt,1,Y13,橋和站,N,1.0,25,12,3,12,0,0,12,2,4,191,19660.24,963.22,69070.0,11.74,71.58,16.68,26.93,39.89,16.4,23.3,33.89,46.04,7.67,0.52,48.23,43.7,4.21,0.69,3.585,4.134,19.28,1211.0,5.0,2.0,2.0,3.0,0.0,5.0,2,2,0,0,0,0,2,0.0
168,TpMrt,1,Y14,中原站,N,1.0,34,15,3,16,2,0,18,1,4,196,20219.45,959.77,72279.0,12.07,71.77,16.15,27.39,39.56,16.82,22.5,33.17,46.03,8.05,0.53,48.4,43.79,4.06,0.7,5.004,6.1179999999999986,14.42,1217.0,3.0,0.0,0.0,3.0,0.0,5.0,2,1,0,0,0,0,2,1.0
169,TpMrt,1,Y15,板新站,N,1.0,32,16,23,35,5,0,40,0,7,165,15851.57,925.42,59956.0,12.44,72.05,15.52,28.13,39.07,17.27,21.54,31.36,46.88,8.62,0.56,48.69,43.56,3.83,0.74,4.912,5.439,22.5,1295.0,10.0,1.0,4.0,7.0,2.0,5.0,2,3,0,0,2,0,4,1.0
170,TpMrt,1,Y17,新埔民生站,N,1.0,45,26,75,47,3,1,51,1,5,169,15759.82,922.06,59785.0,12.56,71.75,15.69,28.15,38.74,17.51,21.87,31.15,46.75,8.81,0.57,48.77,43.39,3.66,0.73,4.292,4.45,27.42,1333.0,24.0,4.0,9.0,9.0,0.0,5.0,2,4,1,1,2,0,4,0.0
171,TpMrt,1,Y19,幸福站,N,1.0,29,16,29,31,1,0,32,3,4,103,11074.34,922.09,41168.0,12.88,73.56,13.54,28.85,39.44,17.51,18.4,30.98,47.6,7.94,0.48,48.84,43.26,3.87,0.75,6.854,6.973,28.78,1125.0,6.0,1.0,1.0,6.0,0.0,6.0,2,3,0,0,1,0,3,0.0
172,TpMrt_TyMrt,1,Y20_A3,新北產業園區站,M,1.9999999999999998,19,10,2,9,1,0,10,0,5,109,10893.6,876.25,43704.0,13.01,74.37,12.6,29.51,39.4,17.5,16.95,29.59,49.01,7.8,0.48,48.97,42.67,3.86,0.75,7.707999999999997,8.091000000000001,26.53,1299.0,4.0,1.0,2.0,4.0,0.0,6.0,2,2,0,0,1,0,2,0.0
173,TpMrt,0,Y21,工商展覽中心站(規劃中),N,1.0,14,4,0,2,0,0,2,0,1,92,10008.5,879.79,40056.0,13.62,74.98,11.4,30.13,39.19,18.17,15.21,29.49,48.77,7.55,0.46,48.92,42.99,4.35,0.79,0.0,0.0,0.0,866.0,3.0,0.0,0.0,1.0,0.0,0.0,1,1,0,0,0,0,0,-1.0
174,TpMrt,0,Y22,更寮站(規劃中),N,1.0,3,2,0,11,0,0,11,1,1,100,10290.62,860.28,42684.0,12.94,75.34,11.71,30.48,39.32,17.17,15.54,29.12,49.43,7.91,0.49,49.06,42.66,4.39,0.79,0.0,0.0,0.0,950.0,0.0,0.0,0.0,0.0,0.0,0.0,1,0,0,0,0,0,0,0.0
175,TpMrt,0,Y23,中路站(規劃中),N,1.0,12,10,6,18,1,0,19,0,2,113,10152.76,855.19,42845.0,12.35,74.87,12.76,29.91,39.58,16.5,17.05,28.74,49.81,8.45,0.54,49.17,42.2,4.0,0.76,0.0,0.0,0.0,1103.0,1.0,1.0,1.0,2.0,0.0,0.0,2,0,0,0,0,0,0,0.0
176,TpMrt,0,Y24_O52,徐匯中學站(規劃中),M,1.9999999999999998,33,19,45,36,5,0,41,0,11,153,11959.45,839.91,51615.0,12.0,74.37,13.63,29.57,39.57,16.13,18.33,28.43,49.76,9.11,0.57,49.22,42.11,3.87,0.76,0.0,0.0,0.0,1000.0,8.0,0.0,2.0,8.0,1.0,0.0,1,3,0,0,2,0,3,0.0
177,TpMrt,0,Y25,分子尾站(規劃中),N,1.0,14,9,10,31,1,0,32,0,9,127,10657.7,836.75,46338.0,12.29,74.24,13.46,29.71,39.26,16.56,18.13,28.29,49.52,9.18,0.57,49.13,42.34,3.85,0.77,0.0,0.0,0.0,1070.0,4.0,0.0,0.0,5.0,0.0,0.0,2,2,0,0,1,0,2,0.0
178,TpMrt,0,Y26,五華國小站(規劃中),N,1.0,9,8,10,23,2,0,25,0,8,144,12242.43,865.13,50054.0,11.95,73.25,14.8,29.15,39.11,16.31,20.2,29.44,48.45,9.45,0.57,49.02,42.76,3.82,0.76,0.0,0.0,0.0,986.0,1.0,0.0,0.0,2.0,0.0,0.0,1,0,0,0,0,0,2,2.0
179,TpMrt,0,Y27,社子站(規劃中),N,1.0,22,14,33,25,3,0,28,0,7,118,12855.95,1000.54,42363.0,12.23,70.53,17.24,27.39,38.65,17.34,24.45,34.02,44.28,8.81,0.52,48.42,43.85,4.13,0.79,0.0,0.0,0.0,1525.0,3.0,0.0,0.0,2.0,0.0,0.0,3,1,0,0,0,0,3,2.0
180,TpMrt,0,Y28,士林區公所站(規劃中),N,1.0,26,11,29,17,6,1,24,2,9,73,12425.42,1119.51,34880.0,13.04,69.0,17.96,26.77,37.77,18.9,26.04,38.09,40.54,7.75,0.44,48.16,45.48,3.81,0.8,0.0,0.0,0.0,2400.0,14.0,4.0,7.0,6.0,0.0,0.0,4,4,1,1,1,0,3,-1.0
181,TpMrt,0,Y29_R16,士林站(規劃中),M,1.9999999999999998,37,16,67,17,7,1,25,4,10,64,12712.71,1183.9,32830.0,13.49,68.31,18.2,26.44,37.44,19.75,26.65,40.23,38.66,7.12,0.37,47.83,45.96,3.87,0.8,0.0,0.0,0.0,3500.0,14.0,5.0,10.0,12.0,4.0,0.0,6,4,1,1,3,0,4,0.0
182,TpMrt,0,Y30,雨農站(規劃中),N,1.0,7,2,10,16,3,0,19,6,12,57,12144.29,1244.67,29703.0,13.83,68.03,18.14,26.25,37.31,20.33,26.66,41.29,37.63,6.77,0.35,47.66,46.2,3.9,0.8,0.0,0.0,0.0,1315.0,11.0,1.0,6.0,9.0,1.0,0.0,2,3,0,1,2,0,3,0.0
183,TpMrt,0,Y31,故宮博物院站(規劃中),N,1.0,4,2,0,2,3,1,6,6,3,37,8630.41,1374.27,18195.0,13.04,68.33,18.62,26.3,37.64,19.08,27.25,45.55,35.58,5.45,0.29,47.41,47.11,4.13,0.79,0.0,0.0,0.0,756.0,1.0,0.0,0.0,0.0,0.0,0.0,1,0,0,0,0,0,0,0.0
184,TpMrt,0,Y32_BR15,劍南路站(規劃中),M,1.9999999999999998,22,7,8,15,1,1,17,3,8,31,8067.21,1362.47,17030.0,13.55,68.56,17.87,26.18,37.91,19.76,26.06,45.99,35.07,4.99,0.29,47.23,47.02,4.37,0.79,0.0,0.0,0.0,1936.0,11.0,1.0,2.0,4.0,0.0,0.0,3,3,0,0,1,0,3,0.0
185,TyMrt,1,A4,新莊副都心站,N,1.0,8,4,0,19,1,0,20,1,2,79,8456.69,896.03,32550.0,13.49,74.2,12.28,29.5,39.17,18.18,16.55,30.1,48.49,7.4,0.42,48.93,43.17,3.98,0.76,0.05,0.05,28.95,1513.0,4.0,0.0,0.0,2.0,0.0,1.0,3,2,0,0,0,0,0,-2.0
186,TyMrt,1,A5,泰山站,N,1.0,4,0,0,21,3,0,24,0,6,76,8189.68,903.54,31030.0,13.67,73.74,12.57,29.28,39.01,18.53,17.04,30.27,48.15,7.41,0.41,48.86,43.35,3.98,0.77,0.053,0.053,27.4,1029.0,2.0,1.0,0.0,4.0,0.0,1.0,2,1,0,0,1,0,0,-1.0
187,TyMrt,1,A6,泰山貴和站,N,1.0,7,3,0,10,1,1,12,0,1,71,7164.74,845.0,29027.0,13.78,74.41,11.8,30.67,38.27,18.52,15.86,29.11,49.41,7.22,0.38,48.92,43.21,3.77,0.79,0.16399999999999998,0.172,24.78,1062.0,2.0,0.0,0.0,2.0,0.0,2.0,2,1,0,0,0,0,0,-1.0
188,TyMrt,1,A7,體育大學站,N,1.0,6,5,3,1,0,1,2,1,0,9,1724.11,1193.98,4679.0,16.52,74.14,9.36,29.69,39.18,22.28,12.63,36.89,41.08,5.04,0.36,47.85,44.73,7.99,1.07,0.728,0.736,27.39,1036.0,0.0,0.0,0.0,1.0,0.0,3.0,2,0,0,0,0,0,0,0.0
189,TyMrt,1,A8,長庚醫院站,N,1.0,15,11,17,17,2,0,19,1,8,15,3376.13,1249.49,9053.0,17.42,73.06,9.53,28.34,39.11,23.84,13.05,37.26,39.87,4.98,0.41,48.26,44.52,8.6,0.96,1.579,1.702,22.65,1036.0,3.0,0.0,6.0,5.0,2.0,4.0,2,1,0,1,1,0,1,0.0
190,TyMrt,1,A9,林口站,N,1.0,14,4,6,14,1,0,15,1,4,14,3357.1,1252.65,8971.0,17.48,73.02,9.5,28.37,39.08,23.94,13.01,37.41,39.71,4.94,0.39,48.21,44.54,8.65,0.96,0.29600000000000004,0.271,34.1,1552.0,2.0,5.0,4.0,2.0,1.0,2.0,3,1,1,0,0,0,0,-1.0
191,TyMrt,1,A10,山鼻站,N,1.0,4,3,1,5,0,0,5,1,0,11,858.16,893.92,3770.0,14.27,74.03,11.59,30.74,37.19,19.28,15.66,26.21,49.36,8.7,1.25,50.8,44.22,4.06,1.03,0.6459999999999999,0.6579999999999999,26.98,450.0,1.0,0.0,0.0,1.0,0.0,3.0,0,0,0,0,0,0,0,0.0
192,TyMrt,1,A11,坑口站,N,1.0,1,0,0,1,0,0,1,1,0,8,529.36,810.66,2760.0,13.22,74.09,12.57,31.41,36.7,17.85,16.97,24.42,50.29,10.18,1.56,50.98,44.13,3.95,1.09,0.376,0.391,25.27,,0.0,0.0,0.0,0.0,0.0,3.0,0,0,0,0,0,0,0,0.0
193,TyMrt,1,A12,機場第一航廈站,N,1.0,2,0,0,0,0,0,0,2,0,5,326.88,801.18,1889.0,13.71,73.43,12.81,31.34,36.32,18.67,17.45,25.52,48.97,10.01,1.64,50.87,45.05,4.66,1.01,0.581,0.613,24.35,,7.0,9.0,3.0,1.0,1.0,3.0,0,3,2,0,0,0,0,-3.0
194,TyMrt,1,A13,機場第二航廈站,N,1.0,3,3,0,0,0,0,0,3,0,6,387.88,789.98,1874.0,13.34,73.27,13.39,30.58,36.87,18.21,18.28,24.28,49.89,10.14,2.19,51.39,44.77,4.0,0.96,0.77,0.813,24.28,,7.0,0.0,6.0,1.0,1.0,3.0,0,3,0,1,0,0,0,-3.0
195,TyMrt,0,A14,機場第三航廈站,N,1.0,3,3,0,0,0,0,0,3,0,6,387.88,789.98,1874.0,13.34,73.27,13.39,30.58,36.87,18.21,18.28,24.28,49.89,10.14,2.19,51.39,44.77,4.0,0.96,0.0,0.0,0.0,,7.0,0.0,6.0,1.0,1.0,0.0,0,3,0,1,0,0,0,-3.0
196,TyMrt,1,A14a,機場旅館站,N,1.0,4,2,0,0,0,0,0,0,0,8,976.75,890.38,4132.0,15.51,72.46,12.05,31.27,35.41,21.41,16.63,28.34,45.98,8.49,1.52,50.41,44.41,6.0,1.09,0.12,0.136,18.78,,0.0,0.0,1.0,0.0,0.0,1.0,0,0,0,0,0,0,0,0.0
197,TyMrt,1,A15,大園站,N,1.0,3,1,0,5,0,0,5,0,1,7,946.0,886.6,4044.0,15.33,72.85,11.82,31.38,35.56,21.05,16.23,28.17,46.41,8.38,1.58,50.59,44.11,6.11,1.09,0.562,0.586,25.27,880.0,1.0,1.0,0.0,0.0,0.0,3.0,1,0,0,0,0,0,0,0.0
198,TyMrt,1,A16,橫山站,N,1.0,0,0,0,0,0,0,0,0,0,6,956.31,982.85,3550.0,15.77,73.38,10.87,32.03,35.83,21.5,14.82,31.8,43.58,7.32,1.41,50.68,45.69,8.45,1.15,0.13699999999999998,0.145,23.86,,0.0,0.0,0.0,0.0,0.0,2.0,0,0,0,0,0,0,0,0.0
199,TyMrt,1,A17,領航站,N,1.0,9,5,0,4,1,0,5,1,1,4,643.24,1072.07,2099.0,16.72,73.42,9.81,33.21,35.16,22.78,13.37,36.06,39.92,6.24,0.95,50.6,47.69,10.48,1.29,0.35100000000000003,0.406,17.03,1151.0,0.0,0.0,1.0,1.0,3.0,3.0,2,0,0,0,0,0,0,0.0
200,TyMrt_Thsr,1,A18_Taoyuan,高鐵桃園站,MH,1.9999999999999998,11,1,1,2,1,0,3,0,2,4,620.84,1128.8,1946.0,16.55,73.18,10.28,32.94,35.61,22.61,14.04,38.18,38.13,6.01,0.92,50.62,48.3,11.61,1.34,0.862,0.818,31.75,1397.0,7.0,4.0,1.0,3.0,4.0,3.0,2,3,1,0,0,0,0,-3.0
201,TyMrt,1,A19,桃園體育園區站,N,1.0,5,2,0,3,0,0,3,2,2,7,956.08,1050.64,3261.0,15.33,73.32,11.28,32.35,35.97,20.91,15.39,35.11,41.46,6.9,0.95,50.69,47.56,8.89,1.13,0.211,0.207,29.4,1132.0,3.0,2.0,1.0,2.0,0.0,2.0,2,1,0,0,0,0,0,-1.0
202,TyMrt,1,A20,興南站,N,1.0,1,0,0,1,0,0,1,0,0,29,2990.52,1003.53,10502.0,13.69,72.26,14.04,29.72,37.47,18.95,19.42,35.17,43.95,6.5,0.47,49.45,44.78,4.87,0.98,0.037000000000000005,0.038,26.56,372.0,2.0,0.0,0.0,0.0,0.0,0.0,0,1,0,0,0,0,0,-1.0
203,TyMrt,1,A21,環北站,N,1.0,8,5,17,10,3,0,13,1,2,55,6250.5,980.62,22603.0,15.72,71.78,12.5,29.68,36.6,21.91,17.41,34.67,43.26,5.81,0.38,48.99,43.44,4.51,0.99,0.929,0.935,27.72,1000.0,14.0,0.0,7.0,4.0,2.0,4.0,1,4,0,1,1,0,1,-3.0
204,TyMrt,0,A22,老街溪站(規劃中),N,1.0,33,17,68,14,5,0,19,7,5,60,6589.65,977.11,23867.0,15.1,72.14,12.76,29.92,36.7,20.94,17.69,34.65,43.74,5.96,0.4,49.14,43.55,4.45,0.98,0.0,0.0,0.0,1100.0,26.0,0.0,26.0,7.0,6.0,0.0,2,4,0,4,2,0,3,-1.0
205,TyMrt_Train,0,A23_1100,中壢車站(規劃中),MT,1.9999999999999998,48,20,84,17,2,1,20,4,7,66,7350.4,964.75,27016.0,15.0,72.33,12.67,29.99,36.79,20.74,17.52,34.26,44.18,6.01,0.4,49.05,43.44,4.41,0.99,0.0,0.0,0.0,1226.0,14.0,0.0,18.0,6.0,6.0,0.0,2,4,0,3,1,0,3,-1.0
206,TyMrt,0,G01,八德站(規劃中),N,1.0,7,5,1,3,1,0,4,0,3,31,2421.99,836.32,11215.0,14.45,72.98,12.52,31.41,36.1,19.8,17.15,27.53,48.05,8.94,0.76,49.99,43.15,5.99,1.18,0.0,0.0,0.0,824.0,1.0,3.0,1.0,2.0,0.0,0.0,1,0,0,0,0,0,0,0.0
207,TyMrt,0,G02,建國路站(規劃中),N,1.0,6,5,1,2,1,0,3,0,2,34,2581.24,834.27,11991.0,14.61,72.6,12.76,31.15,36.05,20.13,17.58,27.19,47.79,9.32,0.79,50.2,43.42,5.95,1.18,0.0,0.0,0.0,900.0,1.0,1.0,1.0,3.0,0.0,0.0,1,0,0,0,0,0,0,0.0
208,TyMrt,0,G03,麻園站(規劃中),N,1.0,5,5,2,5,0,0,5,1,0,40,3206.42,853.91,14245.0,14.61,73.0,12.36,31.29,36.26,20.01,16.93,28.03,47.32,9.02,0.77,49.93,43.71,5.61,1.17,0.0,0.0,0.0,564.0,1.0,1.0,1.0,0.0,0.0,0.0,1,0,0,0,0,0,0,0.0
209,TyMrt,0,G05,忠勇西街站(規劃中),N,1.0,10,5,2,10,0,0,10,0,6,65,6495.93,920.76,25297.0,14.78,72.84,12.4,30.02,37.05,20.29,17.02,31.55,45.22,7.72,0.57,49.12,43.35,4.48,0.98,0.0,0.0,0.0,940.0,4.0,3.0,0.0,1.0,0.0,0.0,1,2,0,0,0,0,0,-2.0
210,TyMrt,0,G06,陽明公園站(規劃中),N,1.0,12,8,11,10,3,0,13,1,8,84,8810.43,936.38,33554.0,14.63,72.27,13.12,29.56,37.11,20.24,18.15,32.31,44.81,7.53,0.55,48.96,43.03,4.61,0.94,0.0,0.0,0.0,709.0,2.0,1.0,1.0,0.0,0.0,0.0,1,1,0,0,0,0,1,0.0
211,TyMrt,0,G07_BRH1_1080,桃園車站(規劃中),MT,3.0,46,28,23,15,1,0,16,3,6,82,9636.34,958.55,35502.0,14.87,72.16,12.98,29.45,37.07,20.6,17.99,32.68,44.47,7.28,0.52,48.72,42.96,4.69,0.94,0.0,0.0,0.0,1000.0,18.0,0.0,15.0,8.0,9.0,0.0,1,4,0,2,2,1,3,-1.0
212,TyMrt,0,G08,永和市場站(規劃中),N,1.0,22,14,72,26,1,0,27,2,6,79,10783.22,1014.6,37051.0,15.18,72.28,12.56,28.85,37.55,21.0,17.38,34.05,43.56,6.57,0.48,48.44,43.07,4.6,0.92,0.0,0.0,0.0,1000.0,14.0,0.0,16.0,11.0,8.0,0.0,1,4,0,2,3,1,3,-1.0
213,TyMrt,0,G09,民光路站(規劃中),N,1.0,20,13,31,21,4,0,25,1,6,76,10659.92,1034.34,35988.0,15.0,72.68,12.33,28.66,38.03,20.64,16.96,34.5,43.62,6.27,0.46,48.36,42.94,4.53,0.89,0.0,0.0,0.0,810.0,10.0,4.0,6.0,4.0,1.0,0.0,1,3,1,1,1,0,3,0.0
214,TyMrt,0,G10_O14,大興西路站(規劃中),M,1.9999999999999998,33,15,55,29,3,0,32,4,8,63,8882.23,1056.78,29163.0,15.38,72.82,11.82,28.71,38.02,21.12,16.23,34.94,43.17,5.93,0.45,48.24,43.14,4.66,0.89,0.0,0.0,0.0,1541.0,10.0,7.0,8.0,12.0,2.0,0.0,3,3,2,1,3,0,3,0.0
215,TyMrt,0,G11,展演中心站(規劃中),N,1.0,32,18,52,29,2,0,31,4,9,53,8169.57,1075.08,26485.0,16.02,72.98,11.01,28.57,38.14,21.95,15.08,34.41,43.22,5.79,0.44,48.25,43.41,4.81,0.93,0.0,0.0,0.0,1063.0,15.0,0.0,8.0,14.0,1.0,0.0,2,4,0,1,4,0,3,-1.0
216,TyMrt,0,G12,南崁轉運站站(規劃中),N,1.0,1,1,0,7,0,0,7,1,3,47,7692.81,1109.59,23900.0,16.54,73.38,10.09,28.33,38.5,22.54,13.75,34.2,43.27,5.44,0.43,48.25,43.87,4.67,0.93,0.0,0.0,0.0,,3.0,1.0,0.0,4.0,0.0,0.0,0,1,0,0,1,0,0,-1.0
217,TyMrt,0,G13,南竹站(規劃中),N,1.0,4,3,0,11,1,0,12,0,1,36,4969.94,1123.4,15009.0,17.0,73.69,9.31,28.46,38.46,23.07,12.64,33.86,43.59,5.02,0.46,48.6,44.61,4.65,0.91,0.0,0.0,0.0,902.0,3.0,0.0,1.0,2.0,0.0,0.0,1,1,0,0,0,0,0,-1.0
218,TyMrt,0,G13a,蘆竹工業區站(規劃中),N,1.0,1,1,0,1,0,0,1,0,0,26,3148.08,1104.59,9648.0,17.46,73.06,9.47,27.89,38.4,23.9,12.97,32.88,43.92,5.17,0.51,48.97,44.93,4.78,0.95,0.0,0.0,0.0,457.0,1.0,0.0,0.0,1.0,0.0,0.0,0,0,0,0,0,0,0,0.0
219,TyMrt,0,G14,長興站(規劃中),N,1.0,3,1,0,0,0,0,0,0,0,8,623.07,917.63,2784.0,14.58,73.38,12.03,29.63,37.64,19.87,16.4,27.23,48.49,8.44,1.15,50.65,44.25,4.63,0.97,0.0,0.0,0.0,,0.0,0.0,0.0,0.0,0.0,0.0,0,0,0,0,0,0,0,0.0
220,TyMrt,0,G15,航空城一站(規劃中),N,1.0,0,0,0,0,0,0,0,0,0,7,548.06,836.73,2787.0,13.6,73.7,12.7,30.64,37.1,18.45,17.23,25.62,49.48,9.62,1.54,51.27,44.67,4.31,1.0,0.0,0.0,0.0,,0.0,0.0,0.0,0.0,0.0,0.0,0,0,0,0,0,0,0,0.0
221,TyMrt,0,G16,航空城二站(規劃中),N,1.0,0,0,0,0,0,0,0,0,1,4,300.28,811.57,1383.0,13.59,72.96,13.52,29.72,37.17,18.63,18.53,24.73,49.75,9.98,1.81,51.77,44.61,3.83,0.94,0.0,0.0,0.0,,0.0,0.0,0.0,0.0,0.0,0.0,0,0,0,0,0,0,0,0.0
222,TyMrt,0,G17,航空城三站(規劃中),N,1.0,0,0,0,3,0,0,3,0,0,6,767.0,920.77,3069.0,15.25,72.66,12.15,30.92,35.97,20.99,16.73,29.36,45.36,8.44,1.47,50.9,45.52,7.01,1.11,0.0,0.0,0.0,,0.0,0.0,0.0,1.0,0.0,0.0,0,0,0,0,0,0,0,0.0
223,TyMrt,0,G18_A16,橫山站(規劃中),M,1.9999999999999998,0,0,0,0,0,0,0,0,0,6,956.31,982.85,3550.0,15.77,73.38,10.87,32.03,35.83,21.5,14.82,31.8,43.58,7.32,1.41,50.68,45.69,8.45,1.15,0.0,0.0,0.0,,0.0,0.0,0.0,0.0,0.0,0.0,0,0,0,0,0,0,0,0.0
224,TyMrt,0,G31,菓林站(規劃中),N,1.0,10,7,5,4,0,0,4,0,0,8,554.82,821.96,2805.0,13.51,73.48,12.91,31.23,36.43,18.39,17.56,24.71,50.02,9.91,1.5,50.91,44.56,3.89,1.11,0.0,0.0,0.0,919.0,3.0,0.0,0.0,0.0,0.0,0.0,1,1,0,0,0,0,0,-1.0
225,TyMrt,0,G32_A11,坑口站(規劃中),M,1.9999999999999998,1,0,0,1,0,0,1,1,0,8,529.36,810.66,2760.0,13.22,74.09,12.57,31.41,36.7,17.85,16.97,24.42,50.29,10.18,1.56,50.98,44.13,3.95,1.09,0.0,0.0,0.0,,0.0,0.0,0.0,0.0,0.0,0.0,0,0,0,0,0,0,0,0.0
226,TyMrt,0,GE01,霄裡站(規劃中),N,1.0,2,1,0,5,0,0,5,0,1,36,3006.92,843.93,13794.0,14.36,73.63,11.99,31.17,36.73,19.5,16.28,28.34,48.19,8.24,0.64,49.38,42.46,5.57,1.07,0.0,0.0,0.0,367.0,0.0,0.0,0.0,2.0,0.0,0.0,0,0,0,0,0,0,0,0.0
227,TyMrt,0,GE02,士校站(規劃中),N,1.0,8,6,9,10,1,1,12,2,8,39,3398.75,868.8,14724.0,14.22,73.81,11.98,30.74,37.14,19.27,16.23,29.88,47.56,7.57,0.58,49.13,42.09,4.33,0.96,0.0,0.0,0.0,621.0,2.0,5.0,0.0,2.0,0.0,0.0,1,1,1,0,0,0,0,-1.0
228,TyMrt,0,GE03,富台國小站(規劃中),N,1.0,7,7,6,12,0,1,13,2,5,57,5317.3,900.78,21837.0,14.6,73.04,12.36,30.04,37.15,19.99,16.93,31.46,46.21,7.0,0.54,49.03,42.13,4.15,0.95,0.0,0.0,0.0,471.0,4.0,1.0,1.0,2.0,0.0,0.0,0,2,0,0,0,0,0,-2.0
229,TyMrt,0,GE04,榮民服務處站(規劃中),N,1.0,7,4,9,6,0,0,6,0,0,69,6446.16,935.31,25007.0,14.58,72.7,12.7,29.77,37.25,20.06,17.47,32.79,45.35,6.58,0.51,48.87,42.4,4.29,0.96,0.0,0.0,0.0,750.0,4.0,0.0,1.0,2.0,0.0,0.0,1,2,0,0,0,0,0,-2.0
230,TyMrt,0,GE05,中壢體育園區站(規劃中),N,1.0,4,4,1,17,1,1,19,1,1,74,7383.26,936.96,28333.0,14.51,72.34,13.15,29.86,36.94,20.05,18.18,33.31,45.01,6.54,0.47,49.05,43.08,4.22,0.97,0.0,0.0,0.0,734.0,7.0,4.0,6.0,2.0,0.0,0.0,1,3,1,1,0,0,0,-3.0
231,TyMrt,0,GA1,埔頂新光站(規劃中),N,1.0,2,1,0,5,0,0,5,0,0,24,1955.31,832.05,9205.0,15.12,72.99,11.82,31.58,35.94,20.72,16.19,27.12,47.91,8.85,0.75,50.02,43.11,6.67,1.18,0.0,0.0,0.0,971.0,0.0,0.0,0.0,0.0,0.0,0.0,1,0,0,0,0,0,0,0.0
232,TyMrt,0,GA2,仁善國小站(規劃中),N,1.0,5,5,0,8,0,0,8,0,1,21,1534.63,811.54,7611.0,14.98,72.84,12.14,30.98,36.15,20.56,16.67,26.15,48.69,9.2,0.79,50.24,42.45,5.91,1.08,0.0,0.0,0.0,454.0,0.0,0.0,0.0,0.0,0.0,0.0,0,0,0,0,0,0,0,0.0
233,TyMrt,0,GA3,埔頂轉運站站(規劃中),N,1.0,4,2,2,5,1,0,6,2,1,17,1190.88,803.56,5953.0,14.65,72.35,12.97,30.37,36.05,20.25,17.92,26.41,48.21,9.73,0.87,50.19,42.52,4.79,1.01,0.0,0.0,0.0,512.0,1.0,1.0,0.0,1.0,0.0,0.0,1,0,0,0,0,0,0,0.0
234,TyMrt,0,BRH2,桃園巨蛋站(規劃中),N,1.0,10,5,5,19,3,0,22,1,5,70,8060.92,944.45,30234.0,14.78,72.01,13.23,29.41,36.98,20.53,18.37,32.09,44.97,7.45,0.53,48.81,42.87,4.7,0.92,0.0,0.0,0.0,689.0,2.0,2.0,3.0,6.0,0.0,0.0,1,1,0,0,1,0,1,0.0
235,TyMrt,0,BRH3,大同路口站(規劃中),N,1.0,16,7,35,21,4,0,25,1,3,51,4891.43,900.82,19387.0,14.3,72.34,13.36,29.79,37.07,19.77,18.47,30.62,46.46,7.87,0.57,49.3,42.66,4.85,0.92,0.0,0.0,0.0,727.0,3.0,5.0,0.0,1.0,0.0,0.0,1,1,1,0,0,0,1,0.0
236,TyMrt,0,BRH4,振興路口站(規劃中),N,1.0,5,1,0,7,0,0,7,1,2,20,1975.28,845.22,8647.0,13.7,72.22,14.05,30.36,36.54,18.98,19.46,27.89,48.38,9.12,0.71,50.14,42.47,4.9,0.99,0.0,0.0,0.0,728.0,1.0,0.0,0.0,0.0,0.0,0.0,1,0,0,0,0,0,0,0.0
237,TyMrt,0,BRH5,嶺頂站(規劃中),N,1.0,3,2,0,4,0,0,4,0,1,10,899.96,822.63,4048.0,14.35,72.85,12.8,31.37,36.04,19.7,17.57,26.58,48.96,9.21,0.72,50.32,43.18,4.97,1.01,0.0,0.0,0.0,600.0,0.0,0.0,0.0,0.0,0.0,0.0,1,0,0,0,0,0,0,0.0
238,TyMrt,0,BRH6,大棟橋站(規劃中),N,1.0,0,0,0,2,0,0,2,0,0,16,1236.55,769.48,5872.0,12.72,75.44,11.85,31.91,38.03,16.86,15.71,26.57,51.21,8.8,0.56,49.85,42.22,5.07,0.82,0.0,0.0,0.0,1273.0,0.0,0.0,0.0,0.0,0.0,0.0,2,0,0,0,0,0,0,0.0
239,TyMrt,0,BRH7,龍華街口站(規劃中),N,1.0,15,9,7,14,2,1,17,1,1,45,4169.53,791.48,18507.0,13.46,75.86,10.67,31.9,38.47,17.74,14.07,27.79,50.98,7.28,0.4,49.21,42.35,4.12,0.82,0.0,0.0,0.0,857.0,0.0,3.0,0.0,0.0,0.0,0.0,1,0,0,0,0,0,0,0.0
240,TyMrt,0,O01,山子頂站(規劃中),N,1.0,5,3,5,12,0,0,12,0,2,19,1886.64,830.75,8358.0,14.8,73.57,11.69,32.12,35.92,20.12,15.89,28.2,48.67,7.81,0.47,50.11,44.04,4.26,1.14,0.0,0.0,0.0,906.0,4.0,1.0,1.0,0.0,0.0,0.0,1,2,0,0,0,0,0,-2.0
241,TyMrt,0,O02,南勢站(規劃中),N,1.0,8,6,6,9,1,0,10,0,4,27,2613.75,848.62,11110.0,14.33,73.48,12.23,31.87,35.99,19.5,16.65,29.3,48.19,7.65,0.48,50.05,44.24,3.92,1.09,0.0,0.0,0.0,541.0,1.0,3.0,0.0,0.0,0.0,0.0,1,0,0,0,0,0,0,0.0
242,TyMrt,0,O03,平鎮站(規劃中),N,1.0,8,3,2,15,2,0,17,1,7,60,6512.43,965.23,23966.0,15.13,72.15,12.74,30.17,36.45,20.96,17.66,34.12,44.17,6.1,0.38,49.31,43.69,4.5,1.0,0.0,0.0,0.0,681.0,3.0,0.0,0.0,2.0,2.0,0.0,1,1,0,0,0,0,0,-1.0
243,TyMrt,0,O04,褒忠祠站(規劃中),N,1.0,14,10,10,20,5,0,25,0,8,54,5831.41,972.39,21236.0,14.88,72.16,12.96,29.94,36.67,20.62,17.97,34.47,44.03,6.08,0.4,49.25,43.67,4.44,0.99,0.0,0.0,0.0,718.0,5.0,3.0,1.0,2.0,1.0,0.0,1,2,0,0,0,0,1,-1.0
244,TyMrt,0,O05,中壢高中站(規劃中),N,1.0,20,10,16,16,5,0,21,3,3,50,5563.66,984.54,20003.0,14.92,72.26,12.81,29.85,36.85,20.65,17.73,34.95,43.72,5.87,0.39,49.11,43.59,4.59,0.98,0.0,0.0,0.0,956.0,7.0,3.0,1.0,2.0,2.0,0.0,1,3,0,0,0,0,1,-2.0
245,TyMrt,0,O06_A21,環北站(規劃中),M,1.9999999999999998,8,5,17,10,3,0,13,1,2,55,6250.5,980.62,22603.0,15.72,71.78,12.5,29.68,36.6,21.91,17.41,34.67,43.26,5.81,0.38,48.99,43.44,4.51,0.99,0.0,0.0,0.0,1000.0,14.0,0.0,7.0,4.0,2.0,0.0,1,4,0,1,1,0,1,-3.0
246,TyMrt,0,O07,新街站(規劃中),N,1.0,15,12,6,10,0,1,11,2,6,69,7523.97,959.2,27868.0,15.13,72.29,12.56,29.81,36.93,20.93,17.37,34.05,44.14,6.09,0.42,48.91,43.22,4.29,0.98,0.0,0.0,0.0,785.0,8.0,2.0,5.0,6.0,1.0,0.0,1,3,0,0,1,0,2,-1.0
247,TyMrt,0,O08,忠福站(規劃中),N,1.0,5,5,1,8,2,0,10,0,0,54,5796.29,961.08,21367.0,15.14,72.32,12.51,29.71,37.06,20.93,17.31,34.09,44.05,6.1,0.44,48.84,43.13,4.07,0.95,0.0,0.0,0.0,883.0,4.0,0.0,0.0,1.0,0.0,0.0,1,2,0,0,0,0,0,-2.0
248,TyMrt,0,O09,文化站(規劃中),N,1.0,10,7,2,8,1,0,9,1,4,36,4451.7,949.19,16796.0,15.07,73.56,11.34,30.6,37.24,20.49,15.41,32.61,45.09,6.48,0.54,49.05,43.2,4.17,1.02,0.0,0.0,0.0,896.0,4.0,0.0,0.0,1.0,0.0,0.0,1,2,0,0,0,0,0,-2.0
249,TyMrt,0,O10,龍山站(規劃中),N,1.0,3,1,0,3,0,0,3,0,0,36,4527.83,944.68,17217.0,15.27,73.68,11.03,30.48,37.3,20.73,14.97,32.36,45.08,6.59,0.53,49.07,42.8,4.28,1.0,0.0,0.0,0.0,538.0,0.0,0.0,0.0,0.0,0.0,0.0,1,0,0,0,0,0,0,0.0
250,TyMrt,0,O11,龍安站(規劃中),N,1.0,4,5,2,5,0,0,5,1,4,40,5084.82,963.76,18704.0,14.91,73.42,11.66,30.1,37.4,20.31,15.88,33.2,44.5,6.73,0.55,49.06,43.07,4.34,0.97,0.0,0.0,0.0,780.0,1.0,0.0,0.0,2.0,0.0,0.0,1,0,0,0,0,0,0,0.0
251,TyMrt,0,O12,中福站(規劃中),N,1.0,6,2,0,12,3,0,15,0,7,66,8529.87,1021.05,29400.0,15.25,72.45,12.33,28.79,37.68,21.05,17.02,34.22,43.45,6.46,0.47,48.55,42.94,4.52,0.91,0.0,0.0,0.0,883.0,3.0,2.0,2.0,1.0,0.0,0.0,1,1,0,0,0,0,0,-1.0
252,TyMrt,0,O13,埔子站(規劃中),N,1.0,5,3,2,16,3,0,19,0,7,70,9903.34,1044.44,33027.0,15.11,73.14,11.77,28.84,38.22,20.66,16.09,34.57,43.69,6.01,0.46,48.43,42.99,4.54,0.91,0.0,0.0,0.0,733.0,4.0,0.0,2.0,3.0,1.0,0.0,1,2,0,0,0,0,0,-2.0
253,TyMrt,0,O15,大檜溪站(規劃中),N,1.0,19,10,22,18,3,0,21,0,6,56,7549.68,1052.66,24999.0,15.36,72.47,12.18,28.45,37.93,21.2,16.81,34.25,43.59,6.18,0.46,48.27,42.96,4.68,0.9,0.0,0.0,0.0,900.0,4.0,0.0,3.0,2.0,2.0,0.0,1,2,0,0,0,0,3,1.0
254,Train,1,1010,萬華站,N,1.0,32,15,35,35,7,0,42,8,12,141,17835.42,1115.2,51587.0,12.94,69.3,17.78,26.0,38.77,18.67,25.65,37.58,41.42,7.38,0.52,48.32,43.95,5.27,0.76,8.923,9.256,24.51,1333.0,14.0,1.0,3.0,4.0,7.0,6.0,2,4,0,0,1,1,4,0.0
255,Train,1,950,五堵站,N,1.0,3,3,2,13,2,0,15,1,2,34,3329.86,920.61,11852.0,11.5,75.51,13.0,27.72,42.36,15.23,17.22,31.41,49.2,7.22,0.54,49.0,42.81,4.86,0.7,3.512,3.785,21.56,615.0,1.0,0.0,0.0,2.0,0.0,5.0,1,0,0,0,0,0,0,0.0
256,Train,1,960,汐止站,N,1.0,21,12,43,29,4,0,33,3,3,36,4032.82,943.35,13604.0,10.73,76.3,12.98,27.71,43.37,14.07,17.01,32.82,49.13,6.69,0.5,48.59,43.21,5.26,0.7,19.952,20.827,24.02,1208.0,3.0,3.0,3.0,7.0,0.0,7.0,2,1,0,0,2,0,3,2.0
257,Train,1,970,汐科站,N,1.0,16,10,5,15,2,0,17,1,1,39,4607.48,970.81,14838.0,10.39,76.25,13.37,27.62,43.62,13.62,17.54,33.97,48.4,6.67,0.47,48.54,43.87,5.52,0.67,17.414,19.605,18.06,2499.0,7.0,1.0,1.0,5.0,0.0,7.0,4,3,0,0,1,0,1,-2.0
258,Train,1,1030,浮洲站,N,1.0,16,13,8,11,3,1,15,0,3,149,14340.0,879.22,57293.0,12.81,73.57,13.61,29.61,38.8,17.41,18.5,30.52,48.1,7.97,0.47,48.92,43.23,3.75,0.74,5.355,5.574,24.23,857.0,0.0,0.0,1.0,0.0,0.0,5.0,1,0,0,0,0,0,0,0.0
259,Train,1,1040,樹林站,N,1.0,40,21,64,35,4,0,39,0,8,71,6982.21,839.11,29367.0,12.97,75.17,11.85,30.67,39.09,17.26,15.76,28.84,49.61,7.97,0.46,49.33,42.65,3.87,0.77,30.021,30.044,27.17,1037.0,8.0,6.0,2.0,4.0,0.0,7.0,2,3,1,0,1,0,3,0.0
260,Train,1,1050,南樹林站,N,1.0,5,4,0,9,1,0,10,0,2,41,4159.66,845.46,17424.0,13.23,74.98,11.79,30.34,38.86,17.64,15.72,27.88,50.11,8.18,0.46,49.6,42.67,3.62,0.76,2.135,2.145,26.87,726.0,1.0,0.0,0.0,1.0,0.0,4.0,1,0,0,0,0,0,0,0.0
261,Train,1,1060,山佳站,N,1.0,6,3,3,5,0,0,5,0,5,22,2317.01,905.79,8931.0,14.59,74.06,11.33,29.57,38.75,19.7,15.3,29.34,48.05,7.4,0.47,49.54,43.97,4.25,0.78,2.793,2.747,28.45,613.0,0.0,0.0,0.0,1.0,0.0,5.0,1,0,0,0,0,0,0,0.0
262,Train,1,1070,鶯歌站,N,1.0,14,11,25,4,0,0,4,5,2,25,2797.12,940.21,11500.0,16.18,72.43,11.4,28.49,38.14,22.34,15.74,30.38,46.04,6.84,0.46,49.03,42.85,4.97,0.83,17.312,17.482,26.5,829.0,4.0,3.0,1.0,1.0,1.0,7.0,1,2,0,0,0,0,1,-1.0
263,Train,1,7290,福隆站,N,1.0,6,3,1,2,0,0,2,2,2,3,38.39,710.93,271.0,5.9,70.48,24.35,21.77,44.28,8.38,34.55,16.61,52.4,20.3,5.17,50.92,49.08,1.48,0.37,1.72,1.501,34.83,,2.0,2.0,1.0,0.0,1.0,4.0,0,1,0,0,0,0,0,-1.0
264,Train,1,7300,貢寮站,N,1.0,6,3,1,2,0,0,2,2,2,3,38.39,710.93,271.0,5.9,70.48,24.35,21.77,44.28,8.38,34.55,16.61,52.4,20.3,5.17,50.92,49.08,1.48,0.37,0.407,0.403,27.48,,2.0,2.0,1.0,0.0,1.0,3.0,0,1,0,0,0,0,0,-1.0
265,Train,1,7310,雙溪站,N,1.0,4,2,4,2,2,0,4,1,0,8,89.27,804.23,500.0,7.0,66.8,26.6,21.0,40.2,10.48,39.82,18.0,51.0,17.6,6.0,54.0,42.8,2.6,0.2,1.725,1.664,29.33,,3.0,0.0,0.0,0.0,1.0,4.0,0,1,0,0,0,0,0,-1.0
266,Train,1,7320,牡丹站,N,1.0,0,0,0,2,0,0,2,0,0,6,72.4,832.18,401.0,7.23,66.58,26.43,20.7,40.4,10.86,39.7,17.96,50.87,17.71,5.99,53.87,41.9,2.49,0.25,0.28300000000000003,0.257,33.04,,0.0,0.0,0.0,0.0,0.0,2.0,0,0,0,0,0,0,0,0.0
267,Train,1,7330,三貂嶺站,N,1.0,0,0,0,0,0,0,0,1,0,5,23.09,888.08,133.0,5.26,70.68,24.06,22.56,44.36,7.45,34.04,15.04,56.39,18.8,4.51,56.39,42.11,3.76,0.75,0.155,0.123,42.27,,1.0,0.0,0.0,0.0,0.0,2.0,0,0,0,0,0,0,0,0.0
268,Train,1,7331,大華站,N,1.0,0,0,0,0,0,0,0,1,0,4,16.34,653.6,133.0,4.51,63.91,31.58,15.79,45.86,7.06,49.41,12.03,59.4,18.8,6.02,57.14,44.36,3.76,0.0,0.018000000000000002,0.015,39.17,,1.0,0.0,0.0,0.0,0.0,0.0,0,0,0,0,0,0,0,0.0
269,Train,1,7332,十分站,N,1.0,1,0,1,2,0,0,2,1,0,6,26.4,676.92,206.0,4.85,64.56,30.58,17.96,44.17,7.52,47.37,11.65,60.19,17.48,6.31,56.31,44.17,3.88,0.0,3.213,3.103,30.16,1500.0,3.0,1.0,1.0,0.0,0.0,5.0,2,1,0,0,0,0,0,-1.0
270,Train,1,7333,望古站,N,1.0,0,0,0,0,0,0,0,0,1,7,35.55,683.65,255.0,5.49,65.1,29.8,18.43,43.14,8.43,45.78,12.16,59.22,16.86,6.27,55.29,43.14,3.53,0.0,0.034,0.03,35.44,,0.0,0.0,0.0,0.0,0.0,0.0,0,0,0,0,0,0,0,0.0
271,Train,1,7334,嶺腳站,N,1.0,0,0,0,0,0,0,0,1,0,7,30.4,646.81,210.0,6.19,67.14,27.62,19.52,42.86,9.22,41.13,12.86,59.52,16.67,5.24,55.71,42.38,2.86,0.0,0.058,0.053,34.05,,1.0,0.0,0.0,0.0,0.0,1.0,0,0,0,0,0,0,0,0.0
272,Train,1,7335,平溪站,N,1.0,4,3,2,2,1,0,3,8,0,8,35.53,670.38,247.0,5.67,66.4,28.34,18.62,43.32,8.54,42.68,12.55,58.7,18.22,5.26,56.28,44.53,2.83,0.0,1.034,0.903,37.09,827.0,1.0,0.0,0.0,1.0,0.0,4.0,1,0,0,0,0,0,0,0.0
273,Train,10,7336,青桐站,N,1.0,1,0,0,2,1,0,3,3,1,7,33.47,669.4,234.0,5.98,66.24,28.21,18.38,43.16,9.03,42.58,12.39,58.55,18.38,5.13,55.98,44.02,2.56,0.0,0.0,0.0,0.0,1500.0,1.0,0.0,0.0,0.0,0.0,0.0,2,0,0,0,0,0,0,0.0
274,Train,1,7350,猴硐站,N,1.0,1,1,0,0,0,0,0,4,0,10,242.95,786.25,1052.0,10.17,72.15,17.68,27.38,39.45,14.1,24.51,19.49,53.9,13.5,2.66,50.48,39.54,3.14,0.57,1.616,1.469,33.77,400.0,4.0,0.0,0.0,0.0,0.0,4.0,0,2,0,0,0,0,0,-2.0
275,Train,1,7360,瑞芳站,N,1.0,17,10,18,8,1,0,9,0,0,16,557.55,745.39,2788.0,10.22,74.21,15.6,28.55,40.14,13.77,21.02,21.13,54.23,12.09,1.97,49.71,40.39,4.09,0.65,12.97,13.062,26.84,1000.0,3.0,1.0,1.0,0.0,5.0,6.0,1,1,0,0,0,0,0,-1.0
276,Train,1,7362,八斗子站,N,1.0,0,0,0,2,0,0,2,1,0,16,913.3,775.96,4412.0,10.92,76.52,12.53,29.65,41.12,14.28,16.38,25.91,53.72,8.39,0.88,49.71,41.14,6.07,0.68,0.54,0.472,37.42,,3.0,0.0,0.0,0.0,0.0,3.0,0,1,0,0,0,0,0,-1.0
277,Train,1,7380,四腳亭站,N,1.0,4,2,3,8,0,0,8,0,1,29,1362.45,783.47,6067.0,11.01,72.39,16.6,27.16,40.33,15.21,22.93,26.65,51.38,9.71,1.01,49.73,40.98,4.8,0.56,1.198,1.286,21.84,600.0,0.0,0.0,0.0,1.0,0.0,4.0,1,0,0,0,0,0,0,0.0
278,Train,1,900,基隆站,N,1.0,38,44,44,20,4,0,24,5,3,102,4037.07,825.91,16974.0,10.17,71.35,18.48,26.07,40.59,14.26,25.9,27.66,51.67,9.2,0.98,49.72,41.29,4.54,0.51,16.021,15.914,27.66,1333.0,24.0,14.0,19.0,6.0,1.0,6.0,2,4,4,3,1,0,4,0.0
279,Train,1,910,三坑站,N,1.0,13,12,20,12,2,0,14,0,2,101,3792.08,820.09,15964.0,10.09,71.02,18.89,25.84,40.57,14.2,26.6,27.81,51.5,9.31,1.0,49.64,41.14,4.54,0.49,2.728,2.841,24.21,790.0,16.0,3.0,13.0,6.0,3.0,5.0,1,4,0,2,1,0,1,-3.0
280,Train,1,920,八堵站,N,1.0,3,4,2,6,3,0,9,0,1,70,3052.53,826.57,12704.0,11.31,70.83,17.86,25.83,40.12,15.97,25.22,27.57,50.83,9.19,0.87,49.4,41.2,4.57,0.49,4.698,4.952,23.28,1050.0,0.0,0.0,0.0,0.0,0.0,5.0,2,0,0,0,0,0,0,0.0
281,Train,1,930,七堵站,N,1.0,12,11,10,11,2,0,13,1,3,25,1423.04,778.47,6178.0,10.75,73.91,15.41,28.29,40.47,14.54,20.85,26.56,51.8,10.02,0.78,50.23,41.74,3.82,0.58,11.911,12.672,22.55,763.0,1.0,1.0,0.0,1.0,0.0,6.0,1,0,0,0,0,0,0,0.0
282,Train,1,940,百福站,N,1.0,3,5,3,10,1,0,11,0,1,19,1257.56,778.19,5413.0,11.58,75.1,13.38,28.97,40.62,15.42,17.81,26.75,51.41,9.42,0.72,49.81,41.9,3.93,0.68,4.99,5.274,23.07,529.0,0.0,0.0,0.0,0.0,0.0,5.0,1,0,0,0,0,0,0,0.0
283,Train,1,7361,海科館站,N,1.0,4,6,2,3,0,0,3,4,3,14,874.32,780.64,4193.0,10.92,76.7,12.33,29.74,41.19,14.24,16.08,26.19,53.68,8.18,0.83,49.73,41.28,6.22,0.69,1.317,1.263,31.13,,3.0,1.0,0.0,0.0,1.0,4.0,0,1,0,0,0,0,0,-1.0
284,Train,1,7390,暖暖站,N,1.0,5,6,2,9,3,0,12,1,2,54,2392.29,808.75,10402.0,11.44,71.25,17.34,26.11,40.28,16.06,24.34,26.56,51.1,9.78,0.97,49.63,40.86,4.87,0.53,0.746,0.8079999999999999,21.1,656.0,2.0,0.0,0.0,0.0,0.0,3.0,1,1,0,0,0,0,0,-1.0
285,Train,1,1080,桃園站,N,1.0,46,28,23,15,1,0,16,3,6,82,9636.34,958.55,35502.0,14.87,72.16,12.98,29.45,37.07,20.6,17.99,32.68,44.47,7.28,0.52,48.72,42.96,4.69,0.94,56.716,54.895,29.55,1000.0,18.0,0.0,15.0,8.0,9.0,8.0,1,4,0,2,2,1,4,0.0
286,Train,1,1090,內壢站,N,1.0,24,10,35,24,4,0,28,1,7,41,4659.4,919.01,18384.0,15.19,73.9,10.89,30.67,37.36,20.56,14.74,31.6,45.89,6.61,0.52,49.09,42.31,4.34,1.0,17.659000000000006,17.773,26.74,911.0,8.0,0.0,1.0,4.0,0.0,7.0,1,3,0,0,1,0,3,0.0
287,Train,1,1100,中壢站,N,1.0,48,20,84,17,2,1,20,4,7,66,7350.4,964.75,27016.0,15.0,72.33,12.67,29.99,36.79,20.74,17.52,34.26,44.18,6.01,0.4,49.05,43.44,4.41,0.99,54.13399999999999,50.87300000000001,31.6,1226.0,14.0,0.0,18.0,6.0,6.0,8.0,2,4,0,3,1,0,4,0.0
288,Train,1,1110,埔心站,N,1.0,11,7,17,8,4,0,12,0,1,22,2448.05,900.35,9608.0,16.29,73.84,9.86,32.26,35.72,22.06,13.35,31.2,46.25,5.88,0.36,49.67,44.04,5.25,1.13,11.217,11.444,25.74,540.0,3.0,4.0,0.0,1.0,0.0,6.0,1,1,1,0,0,0,1,0.0
289,Train,1,1120,楊梅站,N,1.0,17,7,25,16,2,0,18,1,3,23,1982.07,886.83,7830.0,15.44,73.44,11.05,31.14,36.27,21.03,15.04,30.57,47.31,6.08,0.52,49.89,43.75,4.8,1.05,10.173,10.156,27.35,900.0,3.0,8.0,0.0,2.0,1.0,6.0,1,1,2,0,0,0,1,0.0
290,Train,1,1130,富岡站,N,1.0,5,3,1,3,0,0,3,2,3,4,254.92,804.16,1154.0,12.05,72.27,15.51,30.42,35.96,16.67,21.46,27.73,48.61,9.79,1.56,52.17,46.36,3.38,1.13,3.457,3.388,28.7,994.0,0.0,2.0,0.0,0.0,0.0,5.0,1,0,0,0,0,0,0,0.0
291,Train,1,1140,新富站,N,1.0,1,0,0,0,0,0,0,0,0,3,195.53,804.65,872.0,11.93,71.9,15.94,30.62,35.67,16.59,22.17,27.98,48.28,9.98,1.61,51.83,46.33,2.98,1.15,0.153,0.152,27.64,,0.0,0.0,0.0,0.0,0.0,2.0,0,0,0,0,0,0,0,0.0
